-- phpMyAdmin SQL Dump
-- version 5.2.3
-- https://www.phpmyadmin.net/
--
-- Host: localhost
-- Generation Time: Feb 06, 2026 at 06:29 AM
-- Server version: 11.8.5-MariaDB
-- PHP Version: 8.5.2

SET SQL_MODE = "NO_AUTO_VALUE_ON_ZERO";
START TRANSACTION;
SET time_zone = "+00:00";


/*!40101 SET @OLD_CHARACTER_SET_CLIENT=@@CHARACTER_SET_CLIENT */;
/*!40101 SET @OLD_CHARACTER_SET_RESULTS=@@CHARACTER_SET_RESULTS */;
/*!40101 SET @OLD_COLLATION_CONNECTION=@@COLLATION_CONNECTION */;
/*!40101 SET NAMES utf8mb4 */;

--
-- Database: `db_absensi`
--

-- --------------------------------------------------------

--
-- Table structure for table `auth_activation_attempts`
--

CREATE TABLE `auth_activation_attempts` (
  `id` int(11) UNSIGNED NOT NULL,
  `ip_address` varchar(255) NOT NULL,
  `user_agent` varchar(255) NOT NULL,
  `token` varchar(255) DEFAULT NULL,
  `created_at` datetime NOT NULL
) ENGINE=InnoDB DEFAULT CHARSET=utf8mb3 COLLATE=utf8mb3_general_ci;

-- --------------------------------------------------------

--
-- Table structure for table `auth_groups`
--

CREATE TABLE `auth_groups` (
  `id` int(11) UNSIGNED NOT NULL,
  `name` varchar(255) NOT NULL,
  `description` varchar(255) NOT NULL
) ENGINE=InnoDB DEFAULT CHARSET=utf8mb3 COLLATE=utf8mb3_general_ci;

-- --------------------------------------------------------

--
-- Table structure for table `auth_groups_permissions`
--

CREATE TABLE `auth_groups_permissions` (
  `group_id` int(11) UNSIGNED NOT NULL DEFAULT 0,
  `permission_id` int(11) UNSIGNED NOT NULL DEFAULT 0
) ENGINE=InnoDB DEFAULT CHARSET=utf8mb3 COLLATE=utf8mb3_general_ci;

-- --------------------------------------------------------

--
-- Table structure for table `auth_groups_users`
--

CREATE TABLE `auth_groups_users` (
  `group_id` int(11) UNSIGNED NOT NULL DEFAULT 0,
  `user_id` int(11) UNSIGNED NOT NULL DEFAULT 0
) ENGINE=InnoDB DEFAULT CHARSET=utf8mb3 COLLATE=utf8mb3_general_ci;

-- --------------------------------------------------------

--
-- Table structure for table `auth_logins`
--

CREATE TABLE `auth_logins` (
  `id` int(11) UNSIGNED NOT NULL,
  `ip_address` varchar(255) DEFAULT NULL,
  `email` varchar(255) DEFAULT NULL,
  `user_id` int(11) UNSIGNED DEFAULT NULL,
  `date` datetime NOT NULL,
  `success` tinyint(1) NOT NULL
) ENGINE=InnoDB DEFAULT CHARSET=utf8mb3 COLLATE=utf8mb3_general_ci;

-- --------------------------------------------------------

--
-- Table structure for table `auth_permissions`
--

CREATE TABLE `auth_permissions` (
  `id` int(11) UNSIGNED NOT NULL,
  `name` varchar(255) NOT NULL,
  `description` varchar(255) NOT NULL
) ENGINE=InnoDB DEFAULT CHARSET=utf8mb3 COLLATE=utf8mb3_general_ci;

-- --------------------------------------------------------

--
-- Table structure for table `auth_reset_attempts`
--

CREATE TABLE `auth_reset_attempts` (
  `id` int(11) UNSIGNED NOT NULL,
  `email` varchar(255) NOT NULL,
  `ip_address` varchar(255) NOT NULL,
  `user_agent` varchar(255) NOT NULL,
  `token` varchar(255) DEFAULT NULL,
  `created_at` datetime NOT NULL
) ENGINE=InnoDB DEFAULT CHARSET=utf8mb3 COLLATE=utf8mb3_general_ci;

-- --------------------------------------------------------

--
-- Table structure for table `auth_tokens`
--

CREATE TABLE `auth_tokens` (
  `id` int(11) UNSIGNED NOT NULL,
  `selector` varchar(255) NOT NULL,
  `hashedValidator` varchar(255) NOT NULL,
  `user_id` int(11) UNSIGNED NOT NULL,
  `expires` datetime NOT NULL
) ENGINE=InnoDB DEFAULT CHARSET=utf8mb3 COLLATE=utf8mb3_general_ci;

-- --------------------------------------------------------

--
-- Table structure for table `auth_users_permissions`
--

CREATE TABLE `auth_users_permissions` (
  `user_id` int(11) UNSIGNED NOT NULL DEFAULT 0,
  `permission_id` int(11) UNSIGNED NOT NULL DEFAULT 0
) ENGINE=InnoDB DEFAULT CHARSET=utf8mb3 COLLATE=utf8mb3_general_ci;

-- --------------------------------------------------------

--
-- Table structure for table `general_settings`
--

CREATE TABLE `general_settings` (
  `id` int(11) UNSIGNED NOT NULL,
  `logo` varchar(225) DEFAULT NULL,
  `school_name` varchar(225) DEFAULT 'SMK 1 Indonesia',
  `school_year` varchar(225) DEFAULT '2024/2025',
  `copyright` varchar(225) DEFAULT '© 2025 All rights reserved.'
) ENGINE=InnoDB DEFAULT CHARSET=utf8mb3 COLLATE=utf8mb3_general_ci;

--
-- Dumping data for table `general_settings`
--

INSERT INTO `general_settings` (`id`, `logo`, `school_name`, `school_year`, `copyright`) VALUES
(1, NULL, 'SMK 1 Indonesia', '2024/2025', '© 2025 All rights reserved.');

-- --------------------------------------------------------

--
-- Table structure for table `migrations`
--

CREATE TABLE `migrations` (
  `id` bigint(20) UNSIGNED NOT NULL,
  `version` varchar(255) NOT NULL,
  `class` varchar(255) NOT NULL,
  `group` varchar(255) NOT NULL,
  `namespace` varchar(255) NOT NULL,
  `time` int(11) NOT NULL,
  `batch` int(11) UNSIGNED NOT NULL
) ENGINE=InnoDB DEFAULT CHARSET=utf8mb3 COLLATE=utf8mb3_general_ci;

--
-- Dumping data for table `migrations`
--

INSERT INTO `migrations` (`id`, `version`, `class`, `group`, `namespace`, `time`, `batch`) VALUES
(1, '2017-11-20-223112', 'Myth\\Auth\\Database\\Migrations\\CreateAuthTables', 'default', 'Myth\\Auth', 1770359293, 1),
(2, '2023-08-18-000001', 'App\\Database\\Migrations\\CreateJurusanTable', 'default', 'App', 1770359293, 1),
(3, '2023-08-18-000002', 'App\\Database\\Migrations\\CreateKelasTable', 'default', 'App', 1770359293, 1),
(4, '2023-08-18-000003', 'App\\Database\\Migrations\\CreateDB', 'default', 'App', 1770359293, 1),
(5, '2023-08-18-000004', 'App\\Database\\Migrations\\AddSuperadmin', 'default', 'App', 1770359293, 1),
(6, '2024-07-24-083011', 'App\\Database\\Migrations\\GeneralSettings', 'default', 'App', 1770359293, 1),
(7, '2025-12-23-000001', 'App\\Database\\Migrations\\AddRfidToSiswaGuru', 'default', 'App', 1770359293, 1),
(8, '2025-12-23-000002', 'App\\Database\\Migrations\\AddWaliKelasToKelas', 'default', 'App', 1770359293, 1);

-- --------------------------------------------------------

--
-- Table structure for table `tb_guru`
--

CREATE TABLE `tb_guru` (
  `id_guru` int(11) NOT NULL,
  `nuptk` varchar(24) NOT NULL,
  `nama_guru` varchar(255) NOT NULL,
  `jenis_kelamin` enum('Laki-laki','Perempuan') NOT NULL,
  `alamat` text NOT NULL,
  `no_hp` varchar(32) NOT NULL,
  `unique_code` varchar(64) NOT NULL,
  `rfid_code` varchar(100) DEFAULT NULL
) ENGINE=InnoDB DEFAULT CHARSET=utf8mb3 COLLATE=utf8mb3_general_ci;

-- --------------------------------------------------------

--
-- Table structure for table `tb_jurusan`
--

CREATE TABLE `tb_jurusan` (
  `id` int(11) UNSIGNED NOT NULL,
  `jurusan` varchar(32) NOT NULL,
  `created_at` timestamp NULL DEFAULT NULL,
  `updated_at` timestamp NULL DEFAULT NULL,
  `deleted_at` timestamp NULL DEFAULT NULL
) ENGINE=InnoDB DEFAULT CHARSET=utf8mb3 COLLATE=utf8mb3_general_ci;

--
-- Dumping data for table `tb_jurusan`
--

INSERT INTO `tb_jurusan` (`id`, `jurusan`, `created_at`, `updated_at`, `deleted_at`) VALUES
(1, 'OTKP', NULL, NULL, NULL),
(2, 'BDP', NULL, NULL, NULL),
(3, 'AKL', NULL, NULL, NULL),
(4, 'RPL', NULL, NULL, NULL);

-- --------------------------------------------------------

--
-- Table structure for table `tb_kehadiran`
--

CREATE TABLE `tb_kehadiran` (
  `id_kehadiran` int(11) NOT NULL,
  `kehadiran` enum('Hadir','Sakit','Izin','Tanpa keterangan') NOT NULL
) ENGINE=InnoDB DEFAULT CHARSET=utf8mb3 COLLATE=utf8mb3_general_ci;

--
-- Dumping data for table `tb_kehadiran`
--

INSERT INTO `tb_kehadiran` (`id_kehadiran`, `kehadiran`) VALUES
(1, 'Hadir'),
(2, 'Sakit'),
(3, 'Izin'),
(4, 'Tanpa keterangan');

-- --------------------------------------------------------

--
-- Table structure for table `tb_kelas`
--

CREATE TABLE `tb_kelas` (
  `id_kelas` int(11) UNSIGNED NOT NULL,
  `tingkat` varchar(10) NOT NULL,
  `id_jurusan` int(11) UNSIGNED NOT NULL,
  `index_kelas` varchar(5) NOT NULL,
  `id_wali_kelas` int(11) DEFAULT NULL,
  `created_at` timestamp NULL DEFAULT NULL,
  `updated_at` timestamp NULL DEFAULT NULL,
  `deleted_at` timestamp NULL DEFAULT NULL
) ENGINE=InnoDB DEFAULT CHARSET=utf8mb3 COLLATE=utf8mb3_general_ci;

--
-- Dumping data for table `tb_kelas`
--

INSERT INTO `tb_kelas` (`id_kelas`, `tingkat`, `id_jurusan`, `index_kelas`, `id_wali_kelas`, `created_at`, `updated_at`, `deleted_at`) VALUES
(1, 'X', 1, 'A', NULL, NULL, NULL, NULL),
(2, 'X', 2, 'A', NULL, NULL, NULL, NULL),
(3, 'X', 3, 'A', NULL, NULL, NULL, NULL),
(4, 'X', 4, 'A', NULL, NULL, NULL, NULL),
(5, 'XI', 1, 'A', NULL, NULL, NULL, NULL),
(6, 'XI', 2, 'A', NULL, NULL, NULL, NULL),
(7, 'XI', 3, 'A', NULL, NULL, NULL, NULL),
(8, 'XI', 4, 'A', NULL, NULL, NULL, NULL),
(9, 'XII', 1, 'A', NULL, NULL, NULL, NULL),
(10, 'XII', 2, 'A', NULL, NULL, NULL, NULL),
(11, 'XII', 3, 'A', NULL, NULL, NULL, NULL),
(12, 'XII', 4, 'A', NULL, NULL, NULL, NULL);

-- --------------------------------------------------------

--
-- Table structure for table `tb_presensi_guru`
--

CREATE TABLE `tb_presensi_guru` (
  `id_presensi` int(11) NOT NULL,
  `id_guru` int(11) DEFAULT NULL,
  `tanggal` date NOT NULL,
  `jam_masuk` time DEFAULT NULL,
  `jam_keluar` time DEFAULT NULL,
  `id_kehadiran` int(11) NOT NULL,
  `keterangan` varchar(255) NOT NULL
) ENGINE=InnoDB DEFAULT CHARSET=utf8mb3 COLLATE=utf8mb3_general_ci;

-- --------------------------------------------------------

--
-- Table structure for table `tb_presensi_siswa`
--

CREATE TABLE `tb_presensi_siswa` (
  `id_presensi` int(11) NOT NULL,
  `id_siswa` int(11) NOT NULL,
  `id_kelas` int(11) UNSIGNED DEFAULT NULL,
  `tanggal` date NOT NULL,
  `jam_masuk` time DEFAULT NULL,
  `jam_keluar` time DEFAULT NULL,
  `id_kehadiran` int(11) NOT NULL,
  `keterangan` varchar(255) NOT NULL
) ENGINE=InnoDB DEFAULT CHARSET=utf8mb3 COLLATE=utf8mb3_general_ci;

-- --------------------------------------------------------

--
-- Table structure for table `tb_siswa`
--

CREATE TABLE `tb_siswa` (
  `id_siswa` int(11) NOT NULL,
  `nis` varchar(16) NOT NULL,
  `nama_siswa` varchar(255) NOT NULL,
  `id_kelas` int(11) UNSIGNED NOT NULL,
  `jenis_kelamin` enum('Laki-laki','Perempuan') NOT NULL,
  `no_hp` varchar(32) NOT NULL,
  `unique_code` varchar(64) NOT NULL,
  `rfid_code` varchar(100) DEFAULT NULL
) ENGINE=InnoDB DEFAULT CHARSET=utf8mb3 COLLATE=utf8mb3_general_ci;

-- --------------------------------------------------------

--
-- Table structure for table `users`
--

CREATE TABLE `users` (
  `id` int(11) UNSIGNED NOT NULL,
  `id_guru` int(11) DEFAULT NULL,
  `email` varchar(255) NOT NULL,
  `username` varchar(30) DEFAULT NULL,
  `is_superadmin` tinyint(1) NOT NULL DEFAULT 0,
  `password_hash` varchar(255) NOT NULL,
  `reset_hash` varchar(255) DEFAULT NULL,
  `reset_at` datetime DEFAULT NULL,
  `reset_expires` datetime DEFAULT NULL,
  `activate_hash` varchar(255) DEFAULT NULL,
  `status` varchar(255) DEFAULT NULL,
  `status_message` varchar(255) DEFAULT NULL,
  `active` tinyint(1) NOT NULL DEFAULT 0,
  `force_pass_reset` tinyint(1) NOT NULL DEFAULT 0,
  `created_at` datetime DEFAULT NULL,
  `updated_at` datetime DEFAULT NULL,
  `deleted_at` datetime DEFAULT NULL
) ENGINE=InnoDB DEFAULT CHARSET=utf8mb3 COLLATE=utf8mb3_general_ci;

--
-- Dumping data for table `users`
--

INSERT INTO `users` (`id`, `id_guru`, `email`, `username`, `is_superadmin`, `password_hash`, `reset_hash`, `reset_at`, `reset_expires`, `activate_hash`, `status`, `status_message`, `active`, `force_pass_reset`, `created_at`, `updated_at`, `deleted_at`) VALUES
(1, NULL, 'adminsuper@gmail.com', 'superadmin', 1, '$2y$10$A.PPQf3wiSNLLst4go8yQujE1.3dfkJhXdftVTlXv2JUIeEJL3Bky', NULL, NULL, NULL, NULL, NULL, NULL, 1, 0, NULL, NULL, NULL);

--
-- Indexes for dumped tables
--

--
-- Indexes for table `auth_activation_attempts`
--
ALTER TABLE `auth_activation_attempts`
  ADD PRIMARY KEY (`id`);

--
-- Indexes for table `auth_groups`
--
ALTER TABLE `auth_groups`
  ADD PRIMARY KEY (`id`);

--
-- Indexes for table `auth_groups_permissions`
--
ALTER TABLE `auth_groups_permissions`
  ADD KEY `auth_groups_permissions_permission_id_foreign` (`permission_id`),
  ADD KEY `group_id_permission_id` (`group_id`,`permission_id`);

--
-- Indexes for table `auth_groups_users`
--
ALTER TABLE `auth_groups_users`
  ADD KEY `auth_groups_users_user_id_foreign` (`user_id`),
  ADD KEY `group_id_user_id` (`group_id`,`user_id`);

--
-- Indexes for table `auth_logins`
--
ALTER TABLE `auth_logins`
  ADD PRIMARY KEY (`id`),
  ADD KEY `email` (`email`),
  ADD KEY `user_id` (`user_id`);

--
-- Indexes for table `auth_permissions`
--
ALTER TABLE `auth_permissions`
  ADD PRIMARY KEY (`id`);

--
-- Indexes for table `auth_reset_attempts`
--
ALTER TABLE `auth_reset_attempts`
  ADD PRIMARY KEY (`id`);

--
-- Indexes for table `auth_tokens`
--
ALTER TABLE `auth_tokens`
  ADD PRIMARY KEY (`id`),
  ADD KEY `auth_tokens_user_id_foreign` (`user_id`),
  ADD KEY `selector` (`selector`);

--
-- Indexes for table `auth_users_permissions`
--
ALTER TABLE `auth_users_permissions`
  ADD KEY `auth_users_permissions_permission_id_foreign` (`permission_id`),
  ADD KEY `user_id_permission_id` (`user_id`,`permission_id`);

--
-- Indexes for table `general_settings`
--
ALTER TABLE `general_settings`
  ADD PRIMARY KEY (`id`);

--
-- Indexes for table `migrations`
--
ALTER TABLE `migrations`
  ADD PRIMARY KEY (`id`);

--
-- Indexes for table `tb_guru`
--
ALTER TABLE `tb_guru`
  ADD PRIMARY KEY (`id_guru`),
  ADD UNIQUE KEY `unique_code` (`unique_code`),
  ADD KEY `idx_tb_guru_rfid_code` (`rfid_code`);

--
-- Indexes for table `tb_jurusan`
--
ALTER TABLE `tb_jurusan`
  ADD PRIMARY KEY (`id`),
  ADD UNIQUE KEY `jurusan` (`jurusan`);

--
-- Indexes for table `tb_kehadiran`
--
ALTER TABLE `tb_kehadiran`
  ADD PRIMARY KEY (`id_kehadiran`);

--
-- Indexes for table `tb_kelas`
--
ALTER TABLE `tb_kelas`
  ADD PRIMARY KEY (`id_kelas`),
  ADD KEY `tb_kelas_id_jurusan_foreign` (`id_jurusan`),
  ADD KEY `fk_tb_kelas_id_wali_kelas` (`id_wali_kelas`);

--
-- Indexes for table `tb_presensi_guru`
--
ALTER TABLE `tb_presensi_guru`
  ADD PRIMARY KEY (`id_presensi`),
  ADD KEY `id_guru` (`id_guru`),
  ADD KEY `id_kehadiran` (`id_kehadiran`);

--
-- Indexes for table `tb_presensi_siswa`
--
ALTER TABLE `tb_presensi_siswa`
  ADD PRIMARY KEY (`id_presensi`),
  ADD KEY `id_siswa` (`id_siswa`),
  ADD KEY `id_kelas` (`id_kelas`),
  ADD KEY `id_kehadiran` (`id_kehadiran`);

--
-- Indexes for table `tb_siswa`
--
ALTER TABLE `tb_siswa`
  ADD PRIMARY KEY (`id_siswa`),
  ADD UNIQUE KEY `unique_code` (`unique_code`),
  ADD KEY `id_kelas` (`id_kelas`),
  ADD KEY `idx_tb_siswa_rfid_code` (`rfid_code`);

--
-- Indexes for table `users`
--
ALTER TABLE `users`
  ADD PRIMARY KEY (`id`),
  ADD UNIQUE KEY `email` (`email`),
  ADD UNIQUE KEY `username` (`username`),
  ADD KEY `fk_users_id_guru` (`id_guru`);

--
-- AUTO_INCREMENT for dumped tables
--

--
-- AUTO_INCREMENT for table `auth_activation_attempts`
--
ALTER TABLE `auth_activation_attempts`
  MODIFY `id` int(11) UNSIGNED NOT NULL AUTO_INCREMENT;

--
-- AUTO_INCREMENT for table `auth_groups`
--
ALTER TABLE `auth_groups`
  MODIFY `id` int(11) UNSIGNED NOT NULL AUTO_INCREMENT;

--
-- AUTO_INCREMENT for table `auth_logins`
--
ALTER TABLE `auth_logins`
  MODIFY `id` int(11) UNSIGNED NOT NULL AUTO_INCREMENT;

--
-- AUTO_INCREMENT for table `auth_permissions`
--
ALTER TABLE `auth_permissions`
  MODIFY `id` int(11) UNSIGNED NOT NULL AUTO_INCREMENT;

--
-- AUTO_INCREMENT for table `auth_reset_attempts`
--
ALTER TABLE `auth_reset_attempts`
  MODIFY `id` int(11) UNSIGNED NOT NULL AUTO_INCREMENT;

--
-- AUTO_INCREMENT for table `auth_tokens`
--
ALTER TABLE `auth_tokens`
  MODIFY `id` int(11) UNSIGNED NOT NULL AUTO_INCREMENT;

--
-- AUTO_INCREMENT for table `general_settings`
--
ALTER TABLE `general_settings`
  MODIFY `id` int(11) UNSIGNED NOT NULL AUTO_INCREMENT, AUTO_INCREMENT=2;

--
-- AUTO_INCREMENT for table `migrations`
--
ALTER TABLE `migrations`
  MODIFY `id` bigint(20) UNSIGNED NOT NULL AUTO_INCREMENT, AUTO_INCREMENT=9;

--
-- AUTO_INCREMENT for table `tb_guru`
--
ALTER TABLE `tb_guru`
  MODIFY `id_guru` int(11) NOT NULL AUTO_INCREMENT;

--
-- AUTO_INCREMENT for table `tb_jurusan`
--
ALTER TABLE `tb_jurusan`
  MODIFY `id` int(11) UNSIGNED NOT NULL AUTO_INCREMENT, AUTO_INCREMENT=5;

--
-- AUTO_INCREMENT for table `tb_kehadiran`
--
ALTER TABLE `tb_kehadiran`
  MODIFY `id_kehadiran` int(11) NOT NULL AUTO_INCREMENT, AUTO_INCREMENT=5;

--
-- AUTO_INCREMENT for table `tb_kelas`
--
ALTER TABLE `tb_kelas`
  MODIFY `id_kelas` int(11) UNSIGNED NOT NULL AUTO_INCREMENT, AUTO_INCREMENT=13;

--
-- AUTO_INCREMENT for table `tb_presensi_guru`
--
ALTER TABLE `tb_presensi_guru`
  MODIFY `id_presensi` int(11) NOT NULL AUTO_INCREMENT;

--
-- AUTO_INCREMENT for table `tb_presensi_siswa`
--
ALTER TABLE `tb_presensi_siswa`
  MODIFY `id_presensi` int(11) NOT NULL AUTO_INCREMENT;

--
-- AUTO_INCREMENT for table `tb_siswa`
--
ALTER TABLE `tb_siswa`
  MODIFY `id_siswa` int(11) NOT NULL AUTO_INCREMENT;

--
-- AUTO_INCREMENT for table `users`
--
ALTER TABLE `users`
  MODIFY `id` int(11) UNSIGNED NOT NULL AUTO_INCREMENT, AUTO_INCREMENT=2;

--
-- Constraints for dumped tables
--

--
-- Constraints for table `auth_groups_permissions`
--
ALTER TABLE `auth_groups_permissions`
  ADD CONSTRAINT `auth_groups_permissions_group_id_foreign` FOREIGN KEY (`group_id`) REFERENCES `auth_groups` (`id`) ON DELETE CASCADE,
  ADD CONSTRAINT `auth_groups_permissions_permission_id_foreign` FOREIGN KEY (`permission_id`) REFERENCES `auth_permissions` (`id`) ON DELETE CASCADE;

--
-- Constraints for table `auth_groups_users`
--
ALTER TABLE `auth_groups_users`
  ADD CONSTRAINT `auth_groups_users_group_id_foreign` FOREIGN KEY (`group_id`) REFERENCES `auth_groups` (`id`) ON DELETE CASCADE,
  ADD CONSTRAINT `auth_groups_users_user_id_foreign` FOREIGN KEY (`user_id`) REFERENCES `users` (`id`) ON DELETE CASCADE;

--
-- Constraints for table `auth_tokens`
--
ALTER TABLE `auth_tokens`
  ADD CONSTRAINT `auth_tokens_user_id_foreign` FOREIGN KEY (`user_id`) REFERENCES `users` (`id`) ON DELETE CASCADE;

--
-- Constraints for table `auth_users_permissions`
--
ALTER TABLE `auth_users_permissions`
  ADD CONSTRAINT `auth_users_permissions_permission_id_foreign` FOREIGN KEY (`permission_id`) REFERENCES `auth_permissions` (`id`) ON DELETE CASCADE,
  ADD CONSTRAINT `auth_users_permissions_user_id_foreign` FOREIGN KEY (`user_id`) REFERENCES `users` (`id`) ON DELETE CASCADE;

--
-- Constraints for table `tb_kelas`
--
ALTER TABLE `tb_kelas`
  ADD CONSTRAINT `fk_tb_kelas_id_wali_kelas` FOREIGN KEY (`id_wali_kelas`) REFERENCES `tb_guru` (`id_guru`) ON UPDATE NO ACTION,
  ADD CONSTRAINT `tb_kelas_id_jurusan_foreign` FOREIGN KEY (`id_jurusan`) REFERENCES `tb_jurusan` (`id`) ON DELETE NO ACTION ON UPDATE CASCADE;

--
-- Constraints for table `tb_presensi_guru`
--
ALTER TABLE `tb_presensi_guru`
  ADD CONSTRAINT `tb_presensi_guru_id_guru_foreign` FOREIGN KEY (`id_guru`) REFERENCES `tb_guru` (`id_guru`) ON DELETE CASCADE ON UPDATE SET NULL,
  ADD CONSTRAINT `tb_presensi_guru_id_kehadiran_foreign` FOREIGN KEY (`id_kehadiran`) REFERENCES `tb_kehadiran` (`id_kehadiran`) ON DELETE CASCADE;

--
-- Constraints for table `tb_presensi_siswa`
--
ALTER TABLE `tb_presensi_siswa`
  ADD CONSTRAINT `tb_presensi_siswa_id_kehadiran_foreign` FOREIGN KEY (`id_kehadiran`) REFERENCES `tb_kehadiran` (`id_kehadiran`) ON DELETE CASCADE,
  ADD CONSTRAINT `tb_presensi_siswa_id_kelas_foreign` FOREIGN KEY (`id_kelas`) REFERENCES `tb_kelas` (`id_kelas`) ON DELETE CASCADE ON UPDATE SET NULL,
  ADD CONSTRAINT `tb_presensi_siswa_id_siswa_foreign` FOREIGN KEY (`id_siswa`) REFERENCES `tb_siswa` (`id_siswa`) ON DELETE CASCADE ON UPDATE CASCADE;

--
-- Constraints for table `tb_siswa`
--
ALTER TABLE `tb_siswa`
  ADD CONSTRAINT `tb_siswa_id_kelas_foreign` FOREIGN KEY (`id_kelas`) REFERENCES `tb_kelas` (`id_kelas`) ON DELETE CASCADE;

--
-- Constraints for table `users`
--
ALTER TABLE `users`
  ADD CONSTRAINT `fk_users_id_guru` FOREIGN KEY (`id_guru`) REFERENCES `tb_guru` (`id_guru`) ON UPDATE NO ACTION;
COMMIT;

/*!40101 SET CHARACTER_SET_CLIENT=@OLD_CHARACTER_SET_CLIENT */;
/*!40101 SET CHARACTER_SET_RESULTS=@OLD_CHARACTER_SET_RESULTS */;
/*!40101 SET COLLATION_CONNECTION=@OLD_COLLATION_CONNECTION */;
