-- MariaDB dump 10.19  Distrib 10.11.6-MariaDB, for Linux (x86_64)
--
-- Host: localhost    Database: db_absensi
-- ------------------------------------------------------
-- Server version	10.11.6-MariaDB

/*!40101 SET @OLD_CHARACTER_SET_CLIENT=@@CHARACTER_SET_CLIENT */;
/*!40101 SET @OLD_CHARACTER_SET_RESULTS=@@CHARACTER_SET_RESULTS */;
/*!40101 SET @OLD_COLLATION_CONNECTION=@@COLLATION_CONNECTION */;
/*!40101 SET NAMES utf8mb4 */;
/*!40103 SET @OLD_TIME_ZONE=@@TIME_ZONE */;
/*!40103 SET TIME_ZONE='+00:00' */;
/*!40014 SET @OLD_UNIQUE_CHECKS=@@UNIQUE_CHECKS, UNIQUE_CHECKS=0 */;
/*!40014 SET @OLD_FOREIGN_KEY_CHECKS=@@FOREIGN_KEY_CHECKS, FOREIGN_KEY_CHECKS=0 */;
/*!40101 SET @OLD_SQL_MODE=@@SQL_MODE, SQL_MODE='NO_AUTO_VALUE_ON_ZERO' */;
/*!40111 SET @OLD_SQL_NOTES=@@SQL_NOTES, SQL_NOTES=0 */;

--
-- Table structure for table `auth_activation_attempts`
--

DROP TABLE IF EXISTS `auth_activation_attempts`;
/*!40101 SET @saved_cs_client     = @@character_set_client */;
/*!40101 SET character_set_client = utf8 */;
CREATE TABLE `auth_activation_attempts` (
  `id` int(11) unsigned NOT NULL AUTO_INCREMENT,
  `ip_address` varchar(255) NOT NULL,
  `user_agent` varchar(255) NOT NULL,
  `token` varchar(255) DEFAULT NULL,
  `created_at` datetime NOT NULL,
  PRIMARY KEY (`id`)
) ENGINE=InnoDB DEFAULT CHARSET=utf8mb3 COLLATE=utf8mb3_general_ci;
/*!40101 SET character_set_client = @saved_cs_client */;

--
-- Dumping data for table `auth_activation_attempts`
--

LOCK TABLES `auth_activation_attempts` WRITE;
/*!40000 ALTER TABLE `auth_activation_attempts` DISABLE KEYS */;
/*!40000 ALTER TABLE `auth_activation_attempts` ENABLE KEYS */;
UNLOCK TABLES;

--
-- Table structure for table `auth_groups`
--

DROP TABLE IF EXISTS `auth_groups`;
/*!40101 SET @saved_cs_client     = @@character_set_client */;
/*!40101 SET character_set_client = utf8 */;
CREATE TABLE `auth_groups` (
  `id` int(11) unsigned NOT NULL AUTO_INCREMENT,
  `name` varchar(255) NOT NULL,
  `description` varchar(255) NOT NULL,
  PRIMARY KEY (`id`)
) ENGINE=InnoDB DEFAULT CHARSET=utf8mb3 COLLATE=utf8mb3_general_ci;
/*!40101 SET character_set_client = @saved_cs_client */;

--
-- Dumping data for table `auth_groups`
--

LOCK TABLES `auth_groups` WRITE;
/*!40000 ALTER TABLE `auth_groups` DISABLE KEYS */;
/*!40000 ALTER TABLE `auth_groups` ENABLE KEYS */;
UNLOCK TABLES;

--
-- Table structure for table `auth_groups_permissions`
--

DROP TABLE IF EXISTS `auth_groups_permissions`;
/*!40101 SET @saved_cs_client     = @@character_set_client */;
/*!40101 SET character_set_client = utf8 */;
CREATE TABLE `auth_groups_permissions` (
  `group_id` int(11) unsigned NOT NULL DEFAULT 0,
  `permission_id` int(11) unsigned NOT NULL DEFAULT 0,
  KEY `auth_groups_permissions_permission_id_foreign` (`permission_id`),
  KEY `group_id_permission_id` (`group_id`,`permission_id`),
  CONSTRAINT `auth_groups_permissions_group_id_foreign` FOREIGN KEY (`group_id`) REFERENCES `auth_groups` (`id`) ON DELETE CASCADE,
  CONSTRAINT `auth_groups_permissions_permission_id_foreign` FOREIGN KEY (`permission_id`) REFERENCES `auth_permissions` (`id`) ON DELETE CASCADE
) ENGINE=InnoDB DEFAULT CHARSET=utf8mb3 COLLATE=utf8mb3_general_ci;
/*!40101 SET character_set_client = @saved_cs_client */;

--
-- Dumping data for table `auth_groups_permissions`
--

LOCK TABLES `auth_groups_permissions` WRITE;
/*!40000 ALTER TABLE `auth_groups_permissions` DISABLE KEYS */;
/*!40000 ALTER TABLE `auth_groups_permissions` ENABLE KEYS */;
UNLOCK TABLES;

--
-- Table structure for table `auth_groups_users`
--

DROP TABLE IF EXISTS `auth_groups_users`;
/*!40101 SET @saved_cs_client     = @@character_set_client */;
/*!40101 SET character_set_client = utf8 */;
CREATE TABLE `auth_groups_users` (
  `group_id` int(11) unsigned NOT NULL DEFAULT 0,
  `user_id` int(11) unsigned NOT NULL DEFAULT 0,
  KEY `auth_groups_users_user_id_foreign` (`user_id`),
  KEY `group_id_user_id` (`group_id`,`user_id`),
  CONSTRAINT `auth_groups_users_group_id_foreign` FOREIGN KEY (`group_id`) REFERENCES `auth_groups` (`id`) ON DELETE CASCADE,
  CONSTRAINT `auth_groups_users_user_id_foreign` FOREIGN KEY (`user_id`) REFERENCES `users` (`id`) ON DELETE CASCADE
) ENGINE=InnoDB DEFAULT CHARSET=utf8mb3 COLLATE=utf8mb3_general_ci;
/*!40101 SET character_set_client = @saved_cs_client */;

--
-- Dumping data for table `auth_groups_users`
--

LOCK TABLES `auth_groups_users` WRITE;
/*!40000 ALTER TABLE `auth_groups_users` DISABLE KEYS */;
/*!40000 ALTER TABLE `auth_groups_users` ENABLE KEYS */;
UNLOCK TABLES;

--
-- Table structure for table `auth_logins`
--

DROP TABLE IF EXISTS `auth_logins`;
/*!40101 SET @saved_cs_client     = @@character_set_client */;
/*!40101 SET character_set_client = utf8 */;
CREATE TABLE `auth_logins` (
  `id` int(11) unsigned NOT NULL AUTO_INCREMENT,
  `ip_address` varchar(255) DEFAULT NULL,
  `email` varchar(255) DEFAULT NULL,
  `user_id` int(11) unsigned DEFAULT NULL,
  `date` datetime NOT NULL,
  `success` tinyint(1) NOT NULL,
  PRIMARY KEY (`id`),
  KEY `email` (`email`),
  KEY `user_id` (`user_id`)
) ENGINE=InnoDB AUTO_INCREMENT=1045 DEFAULT CHARSET=utf8mb3 COLLATE=utf8mb3_general_ci;
/*!40101 SET character_set_client = @saved_cs_client */;

--
-- Dumping data for table `auth_logins`
--

LOCK TABLES `auth_logins` WRITE;
/*!40000 ALTER TABLE `auth_logins` DISABLE KEYS */;
INSERT INTO `auth_logins` VALUES
(1,'180.249.72.143','kacojirris',NULL,'2024-07-18 10:42:43',0),
(2,'180.249.72.143','anu@gmail.com',1,'2024-07-18 10:42:56',1),
(3,'125.162.212.66','anu@gmail.com',1,'2024-07-18 12:28:53',1),
(4,'125.162.212.66','anu@gmail.com',1,'2024-07-19 09:58:01',1),
(5,'114.125.180.229','operator',NULL,'2024-07-19 12:18:14',0),
(6,'114.125.180.229','anu@gmail.com',1,'2024-07-19 12:18:21',1),
(7,'114.125.180.229','anu@gmail.com',1,'2024-07-19 13:12:59',1),
(8,'114.125.180.229','anu@gmail.com',1,'2024-07-19 18:05:08',1),
(9,'114.125.180.229','superadmin',NULL,'2024-07-19 18:43:15',0),
(10,'114.125.180.229','superadmin',NULL,'2024-07-19 18:43:19',0),
(11,'114.125.180.229','anu@gmail.com',1,'2024-07-19 18:43:32',1),
(12,'114.125.196.157','kepsek@smkncampalagian.sch.id',3,'2024-07-19 18:46:59',1),
(13,'114.125.164.243','anu@gmail.com',1,'2024-07-20 01:49:57',1),
(14,'114.125.164.243','anu@gmail.com',1,'2024-07-20 01:49:57',1),
(15,'125.162.212.66','kepsek@smkncampalagian.sch.id',3,'2024-07-20 06:47:37',1),
(16,'125.162.212.66','kepsek@smkncampalagian.sch.id',3,'2024-07-20 08:13:28',1),
(17,'125.162.212.66','anu@gmail.com',1,'2024-07-20 08:44:39',1),
(18,'114.125.164.65','anu@gmail.com',1,'2024-07-20 19:09:26',1),
(19,'125.162.212.66','kepsek@smkncampalagian.sch.id',3,'2024-07-22 07:38:20',1),
(20,'125.162.212.66','anu@gmail.com',1,'2024-07-22 07:59:33',1),
(21,'125.162.212.66','anu@gmail.com',1,'2024-07-22 10:24:55',1),
(22,'125.162.212.66','anu@gmail.com',1,'2024-07-22 10:45:38',1),
(23,'141.98.81.81','1',NULL,'2024-07-22 21:50:28',0),
(24,'141.98.81.81','1',NULL,'2024-07-22 21:50:33',0),
(25,'141.98.81.81','1',NULL,'2024-07-22 21:50:42',0),
(26,'141.98.81.81','1',NULL,'2024-07-22 21:50:45',0),
(27,'141.98.81.81','1',NULL,'2024-07-22 21:50:49',0),
(28,'141.98.81.81','1',NULL,'2024-07-22 22:04:12',0),
(29,'141.98.81.81','1',NULL,'2024-07-22 22:04:17',0),
(30,'141.98.81.81','1',NULL,'2024-07-22 22:04:24',0),
(31,'141.98.81.81','1',NULL,'2024-07-22 22:04:31',0),
(32,'141.98.81.81','1',NULL,'2024-07-22 22:04:38',0),
(33,'141.98.81.81','1',NULL,'2024-07-22 22:04:46',0),
(34,'141.98.81.81','1',NULL,'2024-07-22 22:04:53',0),
(35,'141.98.81.81','1',NULL,'2024-07-22 22:04:58',0),
(36,'141.98.81.81','1',NULL,'2024-07-22 22:05:05',0),
(37,'141.98.81.81','1',NULL,'2024-07-22 22:05:11',0),
(38,'141.98.81.81','1',NULL,'2024-07-22 22:05:18',0),
(39,'141.98.81.81','1',NULL,'2024-07-22 22:05:24',0),
(40,'141.98.81.81','1',NULL,'2024-07-22 22:05:31',0),
(41,'141.98.81.81','1',NULL,'2024-07-22 22:05:37',0),
(42,'141.98.81.81','1',NULL,'2024-07-22 22:05:43',0),
(43,'141.98.81.81','1',NULL,'2024-07-22 22:05:49',0),
(44,'141.98.81.81','1',NULL,'2024-07-22 22:05:55',0),
(45,'141.98.81.81','1',NULL,'2024-07-22 22:06:02',0),
(46,'141.98.81.81','1',NULL,'2024-07-22 22:06:07',0),
(47,'141.98.81.81','1',NULL,'2024-07-22 22:06:16',0),
(48,'141.98.81.81','1',NULL,'2024-07-22 22:06:21',0),
(49,'141.98.81.81','1',NULL,'2024-07-22 22:06:28',0),
(50,'141.98.81.81','1',NULL,'2024-07-22 22:06:31',0),
(51,'141.98.81.81','1',NULL,'2024-07-22 22:06:34',0),
(52,'141.98.81.81','1',NULL,'2024-07-22 22:06:37',0),
(53,'141.98.81.81','1',NULL,'2024-07-22 22:06:39',0),
(54,'141.98.81.81','1',NULL,'2024-07-22 22:06:42',0),
(55,'141.98.81.81','1',NULL,'2024-07-22 22:06:45',0),
(56,'141.98.81.81','1',NULL,'2024-07-22 22:06:48',0),
(57,'141.98.81.81','1',NULL,'2024-07-22 22:06:50',0),
(58,'141.98.81.81','1',NULL,'2024-07-22 22:06:53',0),
(59,'141.98.81.81','1',NULL,'2024-07-22 22:06:56',0),
(60,'141.98.81.81','1',NULL,'2024-07-22 22:07:00',0),
(61,'141.98.81.81','1',NULL,'2024-07-22 22:07:06',0),
(62,'141.98.81.81','1',NULL,'2024-07-22 22:07:09',0),
(63,'141.98.81.81','1',NULL,'2024-07-22 22:07:11',0),
(64,'141.98.81.81','1',NULL,'2024-07-22 22:07:14',0),
(65,'141.98.81.81','1',NULL,'2024-07-22 22:07:17',0),
(66,'141.98.81.81','1',NULL,'2024-07-22 22:07:21',0),
(67,'141.98.81.81','1',NULL,'2024-07-22 22:07:25',0),
(68,'141.98.81.81','1',NULL,'2024-07-22 22:07:27',0),
(69,'141.98.81.81','1',NULL,'2024-07-22 22:07:30',0),
(70,'141.98.81.81','1',NULL,'2024-07-22 22:07:35',0),
(71,'141.98.81.81','1',NULL,'2024-07-22 22:07:38',0),
(72,'141.98.81.81','1',NULL,'2024-07-22 22:07:41',0),
(73,'141.98.81.81','1',NULL,'2024-07-22 22:07:45',0),
(74,'141.98.81.81','1',NULL,'2024-07-22 22:07:48',0),
(75,'141.98.81.81','1',NULL,'2024-07-22 22:07:51',0),
(76,'141.98.81.81','1',NULL,'2024-07-22 22:07:54',0),
(77,'141.98.81.81','1',NULL,'2024-07-22 22:07:57',0),
(78,'141.98.81.81','1',NULL,'2024-07-22 22:07:59',0),
(79,'141.98.81.81','1',NULL,'2024-07-22 22:08:01',0),
(80,'141.98.81.81','1',NULL,'2024-07-22 22:08:03',0),
(81,'141.98.81.81','1',NULL,'2024-07-22 22:08:06',0),
(82,'141.98.81.81','1',NULL,'2024-07-22 22:08:08',0),
(83,'141.98.81.81','1',NULL,'2024-07-22 22:08:10',0),
(84,'141.98.81.81','1',NULL,'2024-07-22 22:08:14',0),
(85,'141.98.81.81','1',NULL,'2024-07-22 22:08:17',0),
(86,'141.98.81.81','1',NULL,'2024-07-22 22:08:20',0),
(87,'141.98.81.81','1',NULL,'2024-07-22 22:08:23',0),
(88,'141.98.81.81','1',NULL,'2024-07-22 22:08:25',0),
(89,'141.98.81.81','1',NULL,'2024-07-22 22:08:28',0),
(90,'141.98.81.81','1',NULL,'2024-07-22 22:08:30',0),
(91,'141.98.81.81','1',NULL,'2024-07-22 22:08:32',0),
(92,'141.98.81.81','1',NULL,'2024-07-22 22:08:34',0),
(93,'141.98.81.81','1',NULL,'2024-07-22 22:08:37',0),
(94,'141.98.81.81','1',NULL,'2024-07-22 22:08:39',0),
(95,'141.98.81.81','1',NULL,'2024-07-22 22:08:41',0),
(96,'141.98.81.81','1',NULL,'2024-07-22 22:08:43',0),
(97,'141.98.81.81','1',NULL,'2024-07-22 22:08:46',0),
(98,'141.98.81.81','1',NULL,'2024-07-22 22:08:48',0),
(99,'141.98.81.81','1',NULL,'2024-07-22 22:08:50',0),
(100,'141.98.81.81','1',NULL,'2024-07-22 22:08:53',0),
(101,'141.98.81.81','1',NULL,'2024-07-22 22:08:56',0),
(102,'141.98.81.81','1',NULL,'2024-07-22 22:08:58',0),
(103,'141.98.81.81','1',NULL,'2024-07-22 22:09:01',0),
(104,'141.98.81.81','1',NULL,'2024-07-22 22:09:03',0),
(105,'141.98.81.81','1',NULL,'2024-07-22 22:09:05',0),
(106,'141.98.81.81','1',NULL,'2024-07-22 22:09:07',0),
(107,'141.98.81.81','1',NULL,'2024-07-22 22:09:09',0),
(108,'141.98.81.81','1',NULL,'2024-07-22 22:09:11',0),
(109,'141.98.81.81','1',NULL,'2024-07-22 22:09:14',0),
(110,'141.98.81.81','1',NULL,'2024-07-22 22:09:16',0),
(111,'141.98.81.81','1',NULL,'2024-07-22 22:09:18',0),
(112,'141.98.81.81','1',NULL,'2024-07-22 22:09:21',0),
(113,'141.98.81.81','1',NULL,'2024-07-22 22:09:25',0),
(114,'141.98.81.81','1',NULL,'2024-07-22 22:09:27',0),
(115,'141.98.81.81','1',NULL,'2024-07-22 22:09:29',0),
(116,'141.98.81.81','1',NULL,'2024-07-22 22:09:31',0),
(117,'141.98.81.81','1',NULL,'2024-07-22 22:09:34',0),
(118,'141.98.81.81','1',NULL,'2024-07-22 22:09:36',0),
(119,'141.98.81.81','1',NULL,'2024-07-22 22:09:38',0),
(120,'141.98.81.81','1',NULL,'2024-07-22 22:09:40',0),
(121,'141.98.81.81','1',NULL,'2024-07-22 22:09:44',0),
(122,'141.98.81.81','1',NULL,'2024-07-22 22:09:52',0),
(123,'141.98.81.81','1',NULL,'2024-07-22 22:09:59',0),
(124,'141.98.81.81','1',NULL,'2024-07-22 22:10:04',0),
(125,'141.98.81.81','1',NULL,'2024-07-22 22:10:10',0),
(126,'141.98.81.81','1',NULL,'2024-07-22 22:10:17',0),
(127,'141.98.81.81','1',NULL,'2024-07-22 22:10:23',0),
(128,'141.98.81.81','1',NULL,'2024-07-22 22:10:31',0),
(129,'141.98.81.81','1',NULL,'2024-07-22 22:10:38',0),
(130,'141.98.81.81','1',NULL,'2024-07-22 22:10:44',0),
(131,'141.98.81.81','1',NULL,'2024-07-22 22:10:52',0),
(132,'141.98.81.81','1',NULL,'2024-07-22 22:11:08',0),
(133,'141.98.81.81','1',NULL,'2024-07-22 22:11:17',0),
(134,'141.98.81.81','1',NULL,'2024-07-22 22:11:23',0),
(135,'141.98.81.81','1',NULL,'2024-07-22 22:11:31',0),
(136,'141.98.81.81','1',NULL,'2024-07-22 22:11:37',0),
(137,'141.98.81.81','1',NULL,'2024-07-22 22:11:44',0),
(138,'141.98.81.81','1',NULL,'2024-07-22 22:11:51',0),
(139,'141.98.81.81','1',NULL,'2024-07-22 22:11:56',0),
(140,'141.98.81.81','1',NULL,'2024-07-22 22:12:02',0),
(141,'141.98.81.81','1',NULL,'2024-07-22 22:12:09',0),
(142,'141.98.81.81','1',NULL,'2024-07-22 22:12:15',0),
(143,'141.98.81.81','1',NULL,'2024-07-22 22:12:22',0),
(144,'141.98.81.81','1',NULL,'2024-07-22 22:12:29',0),
(145,'141.98.81.81','1',NULL,'2024-07-22 22:12:36',0),
(146,'141.98.81.81','1',NULL,'2024-07-22 22:12:43',0),
(147,'141.98.81.81','1',NULL,'2024-07-22 22:12:49',0),
(148,'141.98.81.81','1',NULL,'2024-07-22 22:12:55',0),
(149,'141.98.81.81','1',NULL,'2024-07-22 22:13:02',0),
(150,'141.98.81.81','1',NULL,'2024-07-22 22:13:09',0),
(151,'141.98.81.81','1',NULL,'2024-07-22 22:13:17',0),
(152,'141.98.81.81','1',NULL,'2024-07-22 22:13:23',0),
(153,'141.98.81.81','1',NULL,'2024-07-22 22:13:30',0),
(154,'141.98.81.81','1',NULL,'2024-07-22 22:13:36',0),
(155,'141.98.81.81','1',NULL,'2024-07-22 22:13:46',0),
(156,'141.98.81.81','1',NULL,'2024-07-22 22:13:52',0),
(157,'141.98.81.81','1',NULL,'2024-07-22 22:13:57',0),
(158,'141.98.81.81','1',NULL,'2024-07-22 22:14:04',0),
(159,'141.98.81.81','1',NULL,'2024-07-22 22:14:09',0),
(160,'141.98.81.81','1',NULL,'2024-07-22 22:14:16',0),
(161,'141.98.81.81','1',NULL,'2024-07-22 22:14:21',0),
(162,'141.98.81.81','1',NULL,'2024-07-22 22:14:27',0),
(163,'141.98.81.81','1',NULL,'2024-07-22 22:14:34',0),
(164,'141.98.81.81','1',NULL,'2024-07-22 22:14:41',0),
(165,'141.98.81.81','1',NULL,'2024-07-22 22:14:47',0),
(166,'141.98.81.81','1',NULL,'2024-07-22 22:14:54',0),
(167,'141.98.81.81','1',NULL,'2024-07-22 22:15:01',0),
(168,'141.98.81.81','1',NULL,'2024-07-22 22:15:09',0),
(169,'141.98.81.81','1',NULL,'2024-07-22 22:15:16',0),
(170,'141.98.81.81','1',NULL,'2024-07-22 22:15:23',0),
(171,'141.98.81.81','1',NULL,'2024-07-22 22:15:30',0),
(172,'141.98.81.81','1',NULL,'2024-07-22 22:15:35',0),
(173,'141.98.81.81','1',NULL,'2024-07-22 22:15:42',0),
(174,'141.98.81.81','1',NULL,'2024-07-22 22:15:48',0),
(175,'141.98.81.81','1',NULL,'2024-07-22 22:15:54',0),
(176,'141.98.81.81','1',NULL,'2024-07-22 22:16:01',0),
(177,'141.98.81.81','1',NULL,'2024-07-22 22:16:07',0),
(178,'141.98.81.81','1',NULL,'2024-07-22 22:16:14',0),
(179,'141.98.81.81','1',NULL,'2024-07-22 22:16:20',0),
(180,'141.98.81.81','1',NULL,'2024-07-22 22:16:26',0),
(181,'141.98.81.81','1',NULL,'2024-07-22 22:16:33',0),
(182,'141.98.81.81','1',NULL,'2024-07-22 22:16:40',0),
(183,'141.98.81.81','1',NULL,'2024-07-22 22:16:47',0),
(184,'141.98.81.81','1',NULL,'2024-07-22 22:16:54',0),
(185,'141.98.81.81','1',NULL,'2024-07-22 22:17:00',0),
(186,'141.98.81.81','1',NULL,'2024-07-22 22:17:10',0),
(187,'141.98.81.81','1',NULL,'2024-07-22 22:17:22',0),
(188,'141.98.81.81','1',NULL,'2024-07-22 22:17:28',0),
(189,'141.98.81.81','1',NULL,'2024-07-22 22:17:35',0),
(190,'141.98.81.81','1',NULL,'2024-07-22 22:17:42',0),
(191,'141.98.81.81','1',NULL,'2024-07-22 22:17:48',0),
(192,'141.98.81.81','1',NULL,'2024-07-22 22:17:57',0),
(193,'141.98.81.81','1',NULL,'2024-07-22 22:18:02',0),
(194,'141.98.81.81','1',NULL,'2024-07-22 22:18:10',0),
(195,'141.98.81.81','1',NULL,'2024-07-22 22:18:15',0),
(196,'141.98.81.81','1',NULL,'2024-07-22 22:18:22',0),
(197,'141.98.81.81','1',NULL,'2024-07-22 22:18:30',0),
(198,'141.98.81.81','1',NULL,'2024-07-22 22:18:37',0),
(199,'141.98.81.81','1',NULL,'2024-07-22 22:18:42',0),
(200,'141.98.81.81','1',NULL,'2024-07-22 22:18:49',0),
(201,'141.98.81.81','1',NULL,'2024-07-22 22:18:55',0),
(202,'141.98.81.81','1',NULL,'2024-07-22 22:19:02',0),
(203,'141.98.81.81','1',NULL,'2024-07-22 22:19:07',0),
(204,'141.98.81.81','1',NULL,'2024-07-22 22:19:14',0),
(205,'141.98.81.81','1',NULL,'2024-07-22 22:19:20',0),
(206,'141.98.81.81','1',NULL,'2024-07-22 22:19:27',0),
(207,'141.98.81.81','1',NULL,'2024-07-22 22:19:35',0),
(208,'141.98.81.81','1',NULL,'2024-07-22 22:19:41',0),
(209,'141.98.81.81','1',NULL,'2024-07-22 22:19:47',0),
(210,'141.98.81.81','1',NULL,'2024-07-22 22:19:52',0),
(211,'141.98.81.81','1',NULL,'2024-07-22 22:19:59',0),
(212,'141.98.81.81','1',NULL,'2024-07-22 22:20:05',0),
(213,'141.98.81.81','1',NULL,'2024-07-22 22:20:13',0),
(214,'141.98.81.81','1',NULL,'2024-07-22 22:20:20',0),
(215,'141.98.81.81','1',NULL,'2024-07-22 22:20:26',0),
(216,'141.98.81.81','1',NULL,'2024-07-22 22:20:33',0),
(217,'141.98.81.81','1',NULL,'2024-07-22 22:20:40',0),
(218,'141.98.81.81','1',NULL,'2024-07-22 22:20:47',0),
(219,'141.98.81.81','1',NULL,'2024-07-22 22:20:52',0),
(220,'141.98.81.81','1',NULL,'2024-07-22 22:20:59',0),
(221,'141.98.81.81','1',NULL,'2024-07-22 22:21:05',0),
(222,'141.98.81.81','1',NULL,'2024-07-22 22:21:12',0),
(223,'141.98.81.81','1',NULL,'2024-07-22 22:21:18',0),
(224,'141.98.81.81','1',NULL,'2024-07-22 22:21:25',0),
(225,'141.98.81.81','1',NULL,'2024-07-22 22:21:31',0),
(226,'141.98.81.81','1',NULL,'2024-07-22 22:21:38',0),
(227,'141.98.81.81','1',NULL,'2024-07-22 22:21:45',0),
(228,'141.98.81.81','1',NULL,'2024-07-22 22:21:51',0),
(229,'141.98.81.81','1',NULL,'2024-07-22 22:21:58',0),
(230,'141.98.81.81','1',NULL,'2024-07-22 22:22:05',0),
(231,'141.98.81.81','1',NULL,'2024-07-22 22:22:11',0),
(232,'141.98.81.81','1',NULL,'2024-07-22 22:22:17',0),
(233,'141.98.81.81','1',NULL,'2024-07-22 22:22:23',0),
(234,'141.98.81.81','1',NULL,'2024-07-22 22:22:30',0),
(235,'141.98.81.81','1',NULL,'2024-07-22 22:22:36',0),
(236,'141.98.81.81','1',NULL,'2024-07-22 22:22:43',0),
(237,'141.98.81.81','1',NULL,'2024-07-22 22:22:49',0),
(238,'141.98.81.81','1',NULL,'2024-07-22 22:22:55',0),
(239,'141.98.81.81','1',NULL,'2024-07-22 22:23:01',0),
(240,'141.98.81.81','1',NULL,'2024-07-22 22:23:08',0),
(241,'141.98.81.81','1',NULL,'2024-07-22 22:23:13',0),
(242,'141.98.81.81','1',NULL,'2024-07-22 22:23:20',0),
(243,'141.98.81.81','1',NULL,'2024-07-22 22:23:27',0),
(244,'141.98.81.81','1',NULL,'2024-07-22 22:23:34',0),
(245,'141.98.81.81','1',NULL,'2024-07-22 22:23:40',0),
(246,'141.98.81.81','1',NULL,'2024-07-22 22:23:47',0),
(247,'141.98.81.81','1',NULL,'2024-07-22 22:23:53',0),
(248,'141.98.81.81','1',NULL,'2024-07-22 22:23:59',0),
(249,'141.98.81.81','1',NULL,'2024-07-22 22:24:04',0),
(250,'141.98.81.81','1',NULL,'2024-07-22 22:24:10',0),
(251,'141.98.81.81','1',NULL,'2024-07-22 22:24:17',0),
(252,'141.98.81.81','1',NULL,'2024-07-22 22:24:23',0),
(253,'141.98.81.81','1',NULL,'2024-07-22 22:24:28',0),
(254,'141.98.81.81','1',NULL,'2024-07-22 22:24:35',0),
(255,'141.98.81.81','1',NULL,'2024-07-22 22:24:42',0),
(256,'141.98.81.81','1',NULL,'2024-07-22 22:24:48',0),
(257,'141.98.81.81','1',NULL,'2024-07-22 22:24:55',0),
(258,'141.98.81.81','1',NULL,'2024-07-22 22:25:01',0),
(259,'141.98.81.81','1',NULL,'2024-07-22 22:25:08',0),
(260,'141.98.81.81','1',NULL,'2024-07-22 22:25:14',0),
(261,'141.98.81.81','1',NULL,'2024-07-22 22:25:20',0),
(262,'141.98.81.81','1',NULL,'2024-07-22 22:25:25',0),
(263,'141.98.81.81','1',NULL,'2024-07-22 22:25:30',0),
(264,'141.98.81.81','1',NULL,'2024-07-22 22:25:36',0),
(265,'141.98.81.81','1\'\'\")\"\"\".(.',NULL,'2024-07-22 22:25:43',0),
(266,'141.98.81.81','1\'Izjuns<\'\">txZyqb',NULL,'2024-07-22 22:25:46',0),
(267,'125.162.212.66','kepsek@smkncampalagian.sch.id',3,'2024-07-23 06:32:46',1),
(268,'125.162.212.66','anu@gmail.com',1,'2024-07-23 08:26:47',1),
(269,'125.162.212.66','anu@gmail.com',1,'2024-07-23 10:29:17',1),
(270,'36.80.3.202','kepsek@smkncampalagian.sch.id',3,'2024-07-24 06:34:02',1),
(271,'36.80.3.202','kepsek@smkncampalagian.sch.id',3,'2024-07-25 06:28:28',1),
(272,'36.80.3.202','anu@gmail.com',1,'2024-07-25 08:31:32',1),
(273,'36.80.3.202','kepsek@smkncampalagian.sch.id',3,'2024-07-25 08:32:40',1),
(274,'36.80.3.202','anu@gmail.com',1,'2024-07-25 09:43:39',1),
(275,'36.80.3.202','anu@gmail.com',1,'2024-07-25 09:44:46',1),
(276,'114.125.175.218','anu@gmail.com',1,'2024-07-25 18:21:26',1),
(277,'213.109.202.67','lqZt',NULL,'2024-07-26 02:09:30',0),
(278,'213.109.202.67','lqZt',NULL,'2024-07-26 02:09:32',0),
(279,'213.109.202.67','lqZt',NULL,'2024-07-26 02:09:34',0),
(280,'213.109.202.67','lqZt',NULL,'2024-07-26 02:09:37',0),
(281,'213.109.202.67','lqZt',NULL,'2024-07-26 02:09:40',0),
(282,'213.109.202.67','lqZt',NULL,'2024-07-26 02:09:43',0),
(283,'213.109.202.67','lqZt',NULL,'2024-07-26 02:09:46',0),
(284,'213.109.202.67','lqZt',NULL,'2024-07-26 02:09:48',0),
(285,'213.109.202.67','lqZt',NULL,'2024-07-26 02:09:50',0),
(286,'213.109.202.67','lqZt',NULL,'2024-07-26 02:09:53',0),
(287,'213.109.202.67','lqZt..)\"....\'(',NULL,'2024-07-26 02:09:56',0),
(288,'213.109.202.67','lqZt..)\"....\'(',NULL,'2024-07-26 02:09:59',0),
(289,'213.109.202.67','lqZt..)\"....\'(',NULL,'2024-07-26 02:10:01',0),
(290,'213.109.202.67','lqZt..)\"....\'(',NULL,'2024-07-26 02:10:04',0),
(291,'213.109.202.67','lqZt..)\"....\'(',NULL,'2024-07-26 02:10:07',0),
(292,'213.109.202.67','lqZt\'GBkchP<\'\">gmNhgr',NULL,'2024-07-26 02:10:09',0),
(293,'213.109.202.67','lqZt\'GBkchP<\'\">gmNhgr',NULL,'2024-07-26 02:10:11',0),
(294,'213.109.202.67','lqZt\'GBkchP<\'\">gmNhgr',NULL,'2024-07-26 02:10:15',0),
(295,'213.109.202.67','lqZt\'GBkchP<\'\">gmNhgr',NULL,'2024-07-26 02:10:18',0),
(296,'213.109.202.67','lqZt\'GBkchP<\'\">gmNhgr',NULL,'2024-07-26 02:10:20',0),
(297,'213.109.202.67','lqZt',NULL,'2024-07-26 02:10:23',0),
(298,'213.109.202.67','lqZt',NULL,'2024-07-26 02:10:25',0),
(299,'213.109.202.67','lqZt',NULL,'2024-07-26 02:10:28',0),
(300,'213.109.202.67','lqZt',NULL,'2024-07-26 02:10:31',0),
(301,'213.109.202.67','lqZt',NULL,'2024-07-26 02:10:33',0),
(302,'213.109.202.67','lqZt\')/**/AnD/**/5279=4987/**/AnD/**/(\'tqOa\'=\'tqOa',NULL,'2024-07-26 02:10:36',0),
(303,'213.109.202.67','lqZt\')/**/AnD/**/5279=4987/**/AnD/**/(\'tqOa\'=\'tqOa',NULL,'2024-07-26 02:10:39',0),
(304,'213.109.202.67','lqZt\')/**/AnD/**/5279=4987/**/AnD/**/(\'tqOa\'=\'tqOa',NULL,'2024-07-26 02:10:42',0),
(305,'213.109.202.67','lqZt\')/**/AnD/**/5279=4987/**/AnD/**/(\'tqOa\'=\'tqOa',NULL,'2024-07-26 02:10:44',0),
(306,'213.109.202.67','lqZt\')/**/AnD/**/5279=4987/**/AnD/**/(\'tqOa\'=\'tqOa',NULL,'2024-07-26 02:10:46',0),
(307,'213.109.202.67','lqZt\'/**/anD/**/1728=8046/**/anD/**/\'CqAH\'=\'CqAH',NULL,'2024-07-26 02:10:49',0),
(308,'213.109.202.67','lqZt\'/**/anD/**/1728=8046/**/anD/**/\'CqAH\'=\'CqAH',NULL,'2024-07-26 02:10:51',0),
(309,'213.109.202.67','lqZt\'/**/anD/**/1728=8046/**/anD/**/\'CqAH\'=\'CqAH',NULL,'2024-07-26 02:10:54',0),
(310,'213.109.202.67','lqZt\'/**/anD/**/1728=8046/**/anD/**/\'CqAH\'=\'CqAH',NULL,'2024-07-26 02:10:57',0),
(311,'213.109.202.67','lqZt\'/**/anD/**/1728=8046/**/anD/**/\'CqAH\'=\'CqAH',NULL,'2024-07-26 02:11:00',0),
(312,'213.109.202.67','lqZt)/**/And/**/2028=9226/**/And/**/(1338/**/betweeN/**/1338/**/And/**/1338',NULL,'2024-07-26 02:11:03',0),
(313,'213.109.202.67','lqZt)/**/And/**/2028=9226/**/And/**/(1338/**/betweeN/**/1338/**/And/**/1338',NULL,'2024-07-26 02:11:06',0),
(314,'213.109.202.67','lqZt)/**/And/**/2028=9226/**/And/**/(1338/**/betweeN/**/1338/**/And/**/1338',NULL,'2024-07-26 02:11:08',0),
(315,'213.109.202.67','lqZt)/**/And/**/2028=9226/**/And/**/(1338/**/betweeN/**/1338/**/And/**/1338',NULL,'2024-07-26 02:11:10',0),
(316,'213.109.202.67','lqZt)/**/And/**/2028=9226/**/And/**/(1338/**/betweeN/**/1338/**/And/**/1338',NULL,'2024-07-26 02:11:12',0),
(317,'213.109.202.67','lqZt/**/anD/**/9311/**/BetWeeN/**/5050/**/anD/**/5050',NULL,'2024-07-26 02:11:15',0),
(318,'213.109.202.67','lqZt/**/anD/**/9311/**/BetWeeN/**/5050/**/anD/**/5050',NULL,'2024-07-26 02:11:17',0),
(319,'213.109.202.67','lqZt/**/anD/**/9311/**/BetWeeN/**/5050/**/anD/**/5050',NULL,'2024-07-26 02:11:20',0),
(320,'213.109.202.67','lqZt/**/anD/**/9311/**/BetWeeN/**/5050/**/anD/**/5050',NULL,'2024-07-26 02:11:23',0),
(321,'213.109.202.67','lqZt/**/anD/**/9311/**/BetWeeN/**/5050/**/anD/**/5050',NULL,'2024-07-26 02:11:25',0),
(322,'213.109.202.67','lqZt/**/And/**/9655/**/bETwEEn/**/1209/**/And/**/1209--/**/MNOG',NULL,'2024-07-26 02:11:27',0),
(323,'213.109.202.67','lqZt/**/And/**/9655/**/bETwEEn/**/1209/**/And/**/1209--/**/MNOG',NULL,'2024-07-26 02:11:29',0),
(324,'213.109.202.67','lqZt/**/And/**/9655/**/bETwEEn/**/1209/**/And/**/1209--/**/MNOG',NULL,'2024-07-26 02:11:32',0),
(325,'213.109.202.67','lqZt/**/And/**/9655/**/bETwEEn/**/1209/**/And/**/1209--/**/MNOG',NULL,'2024-07-26 02:11:35',0),
(326,'213.109.202.67','lqZt/**/And/**/9655/**/bETwEEn/**/1209/**/And/**/1209--/**/MNOG',NULL,'2024-07-26 02:11:37',0),
(327,'213.109.202.67','(sElect/**/(casE/**/wheN/**/(1374=3019)/**/THen/**/0x6c715a74/**/elSE/**/(sElect/**/3019/**/uniOn/**/sElect/**/2752)/**/eND))',NULL,'2024-07-26 02:11:40',0),
(328,'213.109.202.67','(sElect/**/(casE/**/wheN/**/(1374=3019)/**/THen/**/0x6c715a74/**/elSE/**/(sElect/**/3019/**/uniOn/**/sElect/**/2752)/**/eND))',NULL,'2024-07-26 02:11:42',0),
(329,'213.109.202.67','(sElect/**/(casE/**/wheN/**/(1374=3019)/**/THen/**/0x6c715a74/**/elSE/**/(sElect/**/3019/**/uniOn/**/sElect/**/2752)/**/eND))',NULL,'2024-07-26 02:11:45',0),
(330,'213.109.202.67','(sElect/**/(casE/**/wheN/**/(1374=3019)/**/THen/**/0x6c715a74/**/elSE/**/(sElect/**/3019/**/uniOn/**/sElect/**/2752)/**/eND))',NULL,'2024-07-26 02:11:48',0),
(331,'213.109.202.67','(sElect/**/(casE/**/wheN/**/(1374=3019)/**/THen/**/0x6c715a74/**/elSE/**/(sElect/**/3019/**/uniOn/**/sElect/**/2752)/**/eND))',NULL,'2024-07-26 02:11:50',0),
(332,'213.109.202.67','lqZt',NULL,'2024-07-26 02:11:52',0),
(333,'213.109.202.67','lqZt',NULL,'2024-07-26 02:11:55',0),
(334,'213.109.202.67','lqZt',NULL,'2024-07-26 02:11:57',0),
(335,'213.109.202.67','lqZt',NULL,'2024-07-26 02:11:59',0),
(336,'213.109.202.67','lqZt',NULL,'2024-07-26 02:12:02',0),
(337,'213.109.202.67','lqZt',NULL,'2024-07-26 02:12:04',0),
(338,'213.109.202.67','lqZt',NULL,'2024-07-26 02:12:07',0),
(339,'213.109.202.67','lqZt',NULL,'2024-07-26 02:12:10',0),
(340,'213.109.202.67','lqZt',NULL,'2024-07-26 02:12:12',0),
(341,'213.109.202.67','lqZt',NULL,'2024-07-26 02:12:15',0),
(342,'213.109.202.67','lqZt',NULL,'2024-07-26 02:12:18',0),
(343,'213.109.202.67','lqZt',NULL,'2024-07-26 02:12:20',0),
(344,'213.109.202.67','lqZt',NULL,'2024-07-26 02:12:23',0),
(345,'213.109.202.67','lqZt',NULL,'2024-07-26 02:12:26',0),
(346,'213.109.202.67','lqZt',NULL,'2024-07-26 02:12:29',0),
(347,'213.109.202.67','lqZt',NULL,'2024-07-26 02:12:32',0),
(348,'213.109.202.67','lqZt',NULL,'2024-07-26 02:12:35',0),
(349,'213.109.202.67','lqZt',NULL,'2024-07-26 02:12:38',0),
(350,'213.109.202.67','lqZt',NULL,'2024-07-26 02:12:41',0),
(351,'213.109.202.67','lqZt',NULL,'2024-07-26 02:12:45',0),
(352,'213.109.202.67','lqZt',NULL,'2024-07-26 02:12:48',0),
(353,'213.109.202.67','lqZt',NULL,'2024-07-26 02:12:51',0),
(354,'213.109.202.67','lqZt',NULL,'2024-07-26 02:12:53',0),
(355,'213.109.202.67','lqZt',NULL,'2024-07-26 02:12:56',0),
(356,'213.109.202.67','lqZt',NULL,'2024-07-26 02:12:59',0),
(357,'213.109.202.67','lqZt',NULL,'2024-07-26 02:13:01',0),
(358,'213.109.202.67','lqZt',NULL,'2024-07-26 02:13:05',0),
(359,'213.109.202.67','lqZt',NULL,'2024-07-26 02:13:08',0),
(360,'213.109.202.67','lqZt',NULL,'2024-07-26 02:13:11',0),
(361,'213.109.202.67','lqZt',NULL,'2024-07-26 02:13:14',0),
(362,'213.109.202.67','lqZt',NULL,'2024-07-26 02:13:16',0),
(363,'213.109.202.67','lqZt',NULL,'2024-07-26 02:13:19',0),
(364,'213.109.202.67','lqZt',NULL,'2024-07-26 02:13:21',0),
(365,'213.109.202.67','lqZt',NULL,'2024-07-26 02:13:24',0),
(366,'213.109.202.67','lqZt',NULL,'2024-07-26 02:13:27',0),
(367,'213.109.202.67','lqZt',NULL,'2024-07-26 02:13:29',0),
(368,'213.109.202.67','lqZt',NULL,'2024-07-26 02:13:32',0),
(369,'213.109.202.67','lqZt',NULL,'2024-07-26 02:13:34',0),
(370,'213.109.202.67','lqZt',NULL,'2024-07-26 02:13:36',0),
(371,'213.109.202.67','lqZt',NULL,'2024-07-26 02:13:38',0),
(372,'213.109.202.67','lqZt',NULL,'2024-07-26 02:13:41',0),
(373,'213.109.202.67','lqZt',NULL,'2024-07-26 02:13:43',0),
(374,'213.109.202.67','lqZt',NULL,'2024-07-26 02:13:45',0),
(375,'213.109.202.67','lqZt',NULL,'2024-07-26 02:13:49',0),
(376,'213.109.202.67','lqZt',NULL,'2024-07-26 02:13:51',0),
(377,'182.1.215.111','anu@gmail.com',1,'2024-07-29 12:32:55',1),
(378,'114.125.204.6','anu@gmail.com',1,'2024-07-30 19:02:50',1),
(379,'114.125.204.6','anu@gmail.com',1,'2024-07-30 19:03:26',1),
(380,'180.242.226.110','anu@gmail.com',1,'2024-08-01 08:29:29',1),
(381,'182.1.182.117','kepsekadminanu',NULL,'2024-08-02 09:41:02',0),
(382,'182.1.182.117','anu@gmail.com',1,'2024-08-02 09:42:09',1),
(383,'182.1.182.117','anu@gmail.com',1,'2024-08-02 09:46:02',1),
(384,'182.1.182.117','anu@gmail.com',1,'2024-08-02 10:08:24',1),
(385,'180.249.76.51','adminanu',NULL,'2024-08-06 07:03:32',0),
(386,'180.249.76.51','anu@gmail.com',1,'2024-08-07 07:01:41',1),
(387,'180.249.60.243','anu@gmail.com',1,'2024-08-21 11:27:05',1),
(388,'36.83.88.236','kaco',NULL,'2024-10-24 10:47:05',0),
(389,'36.83.88.236','admin',NULL,'2024-10-24 10:47:12',0),
(390,'36.83.88.236','admin',NULL,'2024-10-24 10:47:17',0),
(391,'36.83.88.236','superadmin',NULL,'2024-10-24 10:47:22',0),
(392,'36.83.88.236','kacojirris',NULL,'2024-10-24 10:47:35',0),
(393,'36.83.88.236','admin',NULL,'2024-10-24 10:47:52',0),
(394,'182.1.177.16','anu@gmail.com',1,'2024-11-03 05:14:57',1),
(395,'182.1.177.16','operator',NULL,'2024-11-03 05:15:43',0),
(396,'182.1.177.16','kacojirris',NULL,'2024-11-03 05:15:47',0),
(397,'182.1.177.16','anu@gmail.com',1,'2024-11-03 05:15:54',1),
(398,'180.249.21.238','anu@gmail.com',1,'2024-11-04 07:45:46',1),
(399,'180.249.60.52','anu@gmail.com',1,'2024-11-18 11:39:29',1),
(400,'182.1.217.172','anu@gmail.com',1,'2025-01-02 05:35:39',1),
(401,'36.83.65.60','anu@gmail.com',1,'2025-01-02 06:54:59',1),
(402,'36.83.65.60','kepsek@smkncampalagian.sch.id',3,'2025-01-02 08:10:02',1),
(403,'36.83.65.60','kepsek@smkncampalagian.sch.id',3,'2025-01-02 08:12:42',1),
(404,'36.83.65.60','anu@gmail.com',1,'2025-01-02 08:36:01',1),
(405,'36.83.65.60','anu@gmail.com',1,'2025-01-03 07:53:08',1),
(406,'114.125.181.14','anu@gmail.com',1,'2025-01-05 19:37:23',1),
(407,'114.125.186.89','anu@gmail.com',1,'2025-01-06 06:38:08',1),
(408,'36.85.180.248','operator@gmail.com',2,'2025-01-06 07:11:20',1),
(409,'114.125.174.191','operator@gmail.com',2,'2025-01-06 07:14:32',1),
(410,'114.125.186.89','anu@gmail.com',1,'2025-01-06 10:12:39',1),
(411,'114.125.186.89','kepsek@smkncampalagian.sch.id',3,'2025-01-06 10:26:52',1),
(412,'36.85.180.248','operator@gmail.com',2,'2025-01-06 10:39:45',1),
(413,'36.85.180.248','operator@gmail.com',2,'2025-01-06 10:45:58',1),
(414,'36.85.180.248','operator@gmail.com',2,'2025-01-06 12:56:41',1),
(415,'182.1.179.7','kepsek@smkncampalagian.sch.id',3,'2025-01-06 13:27:42',1),
(416,'36.85.180.248','operator@gmail.com',2,'2025-01-06 13:44:45',1),
(417,'36.85.180.248','operator@gmail.com',2,'2025-01-06 13:55:00',1),
(418,'182.1.181.237','anu@gmail.com',1,'2025-01-07 07:00:09',1),
(419,'36.85.180.248','operator@gmail.com',2,'2025-01-07 07:13:35',1),
(420,'182.1.171.80','operator@gmail.com',2,'2025-01-07 07:22:35',1),
(421,'36.85.180.248','operator@gmail.com',2,'2025-01-07 07:30:09',1),
(422,'182.1.171.80','operator@gmail.com',2,'2025-01-07 07:31:58',1),
(423,'114.125.186.204','kepsek@smkncampalagian.sch.id',3,'2025-01-07 07:35:10',1),
(424,'182.1.201.68','operator@gmail.com',2,'2025-01-07 07:38:06',1),
(425,'114.125.186.204','kepsek@smkncampalagian.sch.id',3,'2025-01-07 07:46:10',1),
(426,'182.1.162.184','operator@gmail.com',2,'2025-01-07 07:46:57',1),
(427,'182.1.181.237','anu@gmail.com',1,'2025-01-07 08:40:13',1),
(428,'114.125.186.204','kepsek@smkncampalagian.sch.id',3,'2025-01-07 11:03:29',1),
(429,'182.1.181.237','anu@gmail.com',1,'2025-01-07 11:37:51',1),
(430,'114.125.182.255','operator@gmail.com',2,'2025-01-07 12:14:08',1),
(431,'114.125.207.16','operator',NULL,'2025-01-07 12:57:56',0),
(432,'114.125.207.16','operator@gmail.com',2,'2025-01-07 12:58:18',1),
(433,'36.85.180.248','anu@gmail.com',1,'2025-01-07 13:44:26',1),
(434,'182.1.181.237','anu@gmail.com',1,'2025-01-07 14:27:49',1),
(435,'36.85.180.248','operator@gmail.com',2,'2025-01-07 14:48:21',1),
(436,'182.1.184.72','operator@gmail.com',2,'2025-01-07 14:49:59',1),
(437,'36.85.180.248','operator@gmail.com',2,'2025-01-07 15:16:09',1),
(438,'182.1.186.197','kepsek@smkncampalagian.sch.id',3,'2025-01-07 15:22:18',1),
(439,'182.1.181.222','kepsek@smkncampalagian.sch.id',3,'2025-01-07 15:25:12',1),
(440,'114.125.182.79','anu@gmail.com',1,'2025-01-07 15:32:55',1),
(441,'114.125.191.99','operator@gmail.com',2,'2025-01-07 15:38:43',1),
(442,'182.1.184.72','operator@gmail.com',2,'2025-01-07 15:38:57',1),
(443,'114.125.180.243','operator@gmail.com',2,'2025-01-07 16:04:59',1),
(444,'114.125.182.249','anu@gmail.com',1,'2025-01-07 19:09:13',1),
(445,'182.1.169.189','operator@gmail.com',2,'2025-01-07 19:37:46',1),
(446,'36.83.64.16','operator@gmail.com',2,'2025-01-07 23:52:20',1),
(447,'182.1.181.222','kepsek@smkncampalagian.sch.id',3,'2025-01-08 06:52:57',1),
(448,'182.1.202.235','operator@gmail.com',2,'2025-01-08 06:53:13',1),
(449,'36.85.180.248','operator ',NULL,'2025-01-08 06:54:20',0),
(450,'36.85.180.248','operator@gmail.com',2,'2025-01-08 06:54:34',1),
(451,'36.85.180.248','operator@gmail.com',2,'2025-01-08 06:54:37',1),
(452,'114.125.186.191','operator@gmail.com',2,'2025-01-08 06:57:30',1),
(453,'36.85.180.248','operator@gmail.com',2,'2025-01-08 06:58:06',1),
(454,'182.1.169.230','anu@gmail.com',1,'2025-01-08 07:03:25',1),
(455,'182.1.169.230','anu@gmail.com',1,'2025-01-08 07:18:04',1),
(456,'182.1.181.222','kepsek@smkncampalagian.sch.id',3,'2025-01-08 07:22:15',1),
(457,'182.1.202.235','operator@gmail.com',2,'2025-01-08 07:31:02',1),
(458,'114.125.207.59','operator@gmail.com',2,'2025-01-08 07:33:55',1),
(459,'36.85.180.248','operator@gmail.com',2,'2025-01-08 07:58:14',1),
(460,'114.125.187.210','anu@gmail.com',1,'2025-01-08 08:44:53',1),
(461,'114.125.214.27','anu@gmail.com',1,'2025-01-08 08:48:44',1),
(462,'182.1.196.200','superadmin',NULL,'2025-01-08 10:09:31',0),
(463,'182.1.196.200','operator@gmail.com',2,'2025-01-08 10:09:54',1),
(464,'114.125.187.220','operator@gmail.com',2,'2025-01-08 10:35:02',1),
(465,'36.85.180.248','anu@gmail.com',1,'2025-01-08 11:44:10',1),
(466,'114.125.170.3','operator@gmail.com',2,'2025-01-08 12:05:02',1),
(467,'36.85.180.248','operator@gmail.com',2,'2025-01-08 12:05:50',1),
(468,'114.125.214.27','kepsek',NULL,'2025-01-08 12:34:45',0),
(469,'114.125.214.27','anu@gmail.com',1,'2025-01-08 12:34:53',1),
(470,'114.125.214.27','anu@gmail.com',1,'2025-01-08 13:51:27',1),
(471,'114.125.204.221','operator ',NULL,'2025-01-08 15:23:16',0),
(472,'114.125.204.221','operator ',NULL,'2025-01-08 15:23:40',0),
(473,'114.125.204.221','operator ',NULL,'2025-01-08 15:23:51',0),
(474,'114.125.170.27','operator',NULL,'2025-01-08 15:24:47',0),
(475,'114.125.204.221','operator 1',NULL,'2025-01-08 15:27:32',0),
(476,'114.125.204.221','operator@gmail.com',2,'2025-01-08 15:27:49',1),
(477,'114.125.212.193','kepsek@smkncampalagian.sch.id',3,'2025-01-08 15:35:47',1),
(478,'36.85.180.248','operator ',NULL,'2025-01-08 15:35:48',0),
(479,'36.85.180.248','operator ',NULL,'2025-01-08 15:36:07',0),
(480,'36.85.180.248','operator ',NULL,'2025-01-08 15:38:11',0),
(481,'36.85.180.248','operator',NULL,'2025-01-08 15:38:43',0),
(482,'36.85.180.248','Operator ',NULL,'2025-01-08 15:39:01',0),
(483,'114.125.170.27','operator@gmail.com',2,'2025-01-08 15:39:31',1),
(484,'36.85.180.248','operator ',NULL,'2025-01-08 15:39:36',0),
(485,'114.125.212.193','kepsek@smkncampalagian.sch.id',3,'2025-01-08 15:40:18',1),
(486,'114.125.183.103','operator ',NULL,'2025-01-08 15:42:08',0),
(487,'114.125.204.75','operator@gmail.com',2,'2025-01-08 15:49:37',1),
(488,'114.125.183.103','operator@gmail.com',2,'2025-01-08 16:19:25',1),
(489,'114.125.214.27','anu@gmail.com',1,'2025-01-08 17:57:39',1),
(490,'114.125.220.118','anu@gmail.com',1,'2025-01-09 06:36:21',1),
(491,'114.125.165.115','operator@gmail.com',2,'2025-01-09 06:40:05',1),
(492,'36.85.180.248','operator@gmail.com',2,'2025-01-09 06:53:30',1),
(493,'182.1.164.107','operator@gmail.com',2,'2025-01-09 06:57:57',1),
(494,'182.1.164.107','operator@gmail.com',2,'2025-01-09 06:58:59',1),
(495,'36.85.180.248','operator@gmail.com',2,'2025-01-09 07:09:37',1),
(496,'36.85.180.248','operator@gmail.com',2,'2025-01-09 07:27:01',1),
(497,'36.85.180.248','anu@gmail.com',1,'2025-01-09 11:12:04',1),
(498,'36.85.180.248','operator@gmail.com',2,'2025-01-09 12:19:35',1),
(499,'36.85.180.248','operator',NULL,'2025-01-09 12:33:31',0),
(500,'36.85.180.248','operator1',NULL,'2025-01-09 12:34:57',0),
(501,'36.85.180.248','op',NULL,'2025-01-09 12:48:35',0),
(502,'140.213.74.32','operator@gmail.com',2,'2025-01-09 13:02:51',1),
(503,'114.125.223.45','operator@gmail.com',2,'2025-01-09 13:07:32',1),
(504,'114.125.198.62','operator@gmail.com',2,'2025-01-09 13:14:40',1),
(505,'36.85.180.248','operator@gmail.com',2,'2025-01-09 15:17:16',1),
(506,'36.85.180.248','anu@gmail.com',1,'2025-01-09 15:29:00',1),
(507,'36.85.180.248','operator',NULL,'2025-01-09 15:32:41',0),
(508,'36.85.180.248','operator',NULL,'2025-01-09 15:32:55',0),
(509,'36.85.180.248','operator',NULL,'2025-01-09 15:33:23',0),
(510,'36.85.180.248','operator',NULL,'2025-01-09 15:33:33',0),
(511,'182.1.183.251','operator ',NULL,'2025-01-09 15:34:17',0),
(512,'182.1.183.251','operator ',NULL,'2025-01-09 15:34:23',0),
(513,'182.1.183.251','operator@gmail.com',2,'2025-01-09 15:34:35',1),
(514,'36.85.180.248','operator@gmail.com',2,'2025-01-09 15:35:41',1),
(515,'182.1.210.11','operator@gmail.com',2,'2025-01-09 15:35:42',1),
(516,'182.1.163.48','operator@gmail.com',2,'2025-01-09 15:43:31',1),
(517,'114.125.220.118','anu@gmail.com',1,'2025-01-09 21:56:14',1),
(518,'36.85.180.248','operator@gmail.com',2,'2025-01-10 06:35:48',1),
(519,'114.125.174.239','operator@gmail.com',2,'2025-01-10 06:56:43',1),
(520,'36.85.180.248','operator@gmail.com',2,'2025-01-10 07:11:37',1),
(521,'36.85.180.248','operator@gmail.com',2,'2025-01-10 07:18:17',1),
(522,'36.85.180.248','kepsek',NULL,'2025-01-10 07:19:38',0),
(523,'36.85.180.248','kepsek@smkncampalagian.sch.id',3,'2025-01-10 07:19:45',1),
(524,'182.1.184.33','operator 1',NULL,'2025-01-10 07:21:41',0),
(525,'182.1.184.33','operator@gmail.com',2,'2025-01-10 07:21:51',1),
(526,'114.125.199.34','operator@gmail.com',2,'2025-01-10 07:23:21',1),
(527,'36.85.180.248','operator@gmail.com',2,'2025-01-10 07:25:33',1),
(528,'140.213.180.18','SATRIO',NULL,'2025-01-10 07:38:00',0),
(529,'140.213.180.18','Satrio',NULL,'2025-01-10 07:38:11',0),
(530,'182.1.170.243','operator@gmail.com',2,'2025-01-10 07:40:53',1),
(531,'114.125.221.24','operator@gmail.com',2,'2025-01-10 07:46:16',1),
(532,'36.85.180.248','kepsek@smkncampalagian.sch.id',3,'2025-01-10 08:21:56',1),
(533,'36.85.180.248','kepsek@smkncampalagian.sch.id',3,'2025-01-10 09:58:57',1),
(534,'36.85.180.248','operator@gmail.com',2,'2025-01-10 11:02:11',1),
(535,'114.125.174.239','operator@gmail.com',2,'2025-01-10 11:06:08',1),
(536,'114.125.174.239','operator@gmail.com',2,'2025-01-10 11:09:48',1),
(537,'182.1.185.241','operator@gmail.com',2,'2025-01-10 11:10:21',1),
(538,'182.1.203.139','operator@gmail.com',2,'2025-01-10 11:16:49',1),
(539,'182.1.170.193','operator@gmail.com',2,'2025-01-10 11:24:38',1),
(540,'182.1.208.153','operator@gmail.com',2,'2025-01-13 06:35:07',1),
(541,'114.125.184.108','operator@gmail.com',2,'2025-01-13 06:50:11',1),
(542,'182.1.208.153','operator@gmail.com',2,'2025-01-13 07:06:47',1),
(543,'182.1.197.175','operator@gmail.com',2,'2025-01-13 07:28:19',1),
(544,'114.125.212.243','operator@gmail.com',2,'2025-01-13 07:38:13',1),
(545,'114.125.200.241','anu@gmail.com',1,'2025-01-13 08:29:30',1),
(546,'114.125.197.212','operator1',NULL,'2025-01-13 12:18:17',0),
(547,'114.125.197.212','operator@gmail.com',2,'2025-01-13 12:18:34',1),
(548,'182.1.200.209','op',NULL,'2025-01-13 13:29:32',0),
(549,'182.1.200.209','operator',NULL,'2025-01-13 13:29:51',0),
(550,'114.125.168.9','operator@gmail.com',2,'2025-01-13 14:35:17',1),
(551,'114.125.199.14','kepsek@smkncampalagian.sch.id',3,'2025-01-13 14:38:24',1),
(552,'114.125.169.213','anu@gmail.com',1,'2025-01-13 14:48:57',1),
(553,'114.125.196.41','operator@gmail.com',2,'2025-01-13 14:49:07',1),
(554,'182.1.177.173','operator@gmail.com',2,'2025-01-13 14:52:45',1),
(555,'114.125.171.76','operator@gmail.com',2,'2025-01-13 14:56:13',1),
(556,'125.162.215.182','operator',NULL,'2025-01-13 16:56:04',0),
(557,'125.162.215.182','operator',NULL,'2025-01-13 16:56:18',0),
(558,'125.162.215.182','operator',NULL,'2025-01-13 17:34:27',0),
(559,'182.1.182.30','operator@gmail.com',2,'2025-01-13 17:39:27',1),
(560,'114.125.184.165','operator@gmail.com',2,'2025-01-14 06:33:02',1),
(561,'182.1.192.166','operator@gmail.com',2,'2025-01-14 06:43:36',1),
(562,'114.125.169.45','anu@gmail.com',1,'2025-01-14 07:20:56',1),
(563,'114.125.188.26','operator@gmail.com',2,'2025-01-14 07:26:14',1),
(564,'182.1.180.142','operator@gmail.com',2,'2025-01-14 07:36:07',1),
(565,'182.1.169.5','operator@gmail.com',2,'2025-01-14 07:40:51',1),
(566,'114.125.169.5','anu@gmail.com',1,'2025-01-14 07:48:37',1),
(567,'114.125.180.124','anu@gmail.com',1,'2025-01-14 08:51:26',1),
(568,'114.125.188.26','operator@gmail.com',2,'2025-01-14 09:09:44',1),
(569,'182.1.192.78','operator@gmail.com',2,'2025-01-14 09:34:59',1),
(570,'114.125.183.94','kepsek@smkncampalagian.sch.id',3,'2025-01-14 09:49:46',1),
(571,'180.249.36.30','anu@gmail.com',1,'2025-01-14 13:24:17',1),
(572,'180.249.36.30','anu@gmail.com',1,'2025-01-14 15:11:00',1),
(573,'180.249.36.30','operator@gmail.com',2,'2025-01-14 15:13:13',1),
(574,'182.1.184.29','operator@gmail.com',2,'2025-01-14 15:32:43',1),
(575,'114.125.205.175','operator@gmail.com',2,'2025-01-14 15:34:22',1),
(576,'114.125.188.128','operator@gmail.com',2,'2025-01-14 15:35:07',1),
(577,'180.249.36.30','operator@gmail.com',2,'2025-01-14 15:35:07',1),
(578,'182.1.184.4','operator@gmail.com',2,'2025-01-14 15:35:08',1),
(579,'180.249.36.30','operator',NULL,'2025-01-14 15:35:45',0),
(580,'180.249.36.30','Operator',NULL,'2025-01-14 15:35:58',0),
(581,'180.249.36.30','operator@gmail.com',2,'2025-01-14 15:36:53',1),
(582,'180.249.36.30','operator@gmail.com',2,'2025-01-14 15:40:16',1),
(583,'182.1.179.31','operator@gmail.com',2,'2025-01-14 15:43:48',1),
(584,'182.1.200.93','operator@gmail.com',2,'2025-01-14 15:47:07',1),
(585,'114.125.180.237','anu@gmail.com',1,'2025-01-14 15:48:28',1),
(586,'114.125.180.224','Operator1',NULL,'2025-01-14 16:59:33',0),
(587,'114.125.180.224','operator 1',NULL,'2025-01-14 17:00:09',0),
(588,'114.125.180.224','operator@gmail.com',2,'2025-01-14 17:00:36',1),
(589,'125.162.215.182','operator@gmail.com',2,'2025-01-15 06:14:22',1),
(590,'182.1.211.18','operator@gmail.com',2,'2025-01-15 06:36:44',1),
(591,'182.1.166.73','anu@gmail.com',1,'2025-01-15 06:37:13',1),
(592,'114.125.202.104','operator@gmail.com',2,'2025-01-15 06:55:26',1),
(593,'182.1.179.26','operator@gmail.com',2,'2025-01-15 07:08:10',1),
(594,'114.125.212.28','operator@gmail.com',2,'2025-01-15 07:28:59',1),
(595,'182.1.196.174','operator@gmail.com',2,'2025-01-15 07:30:01',1),
(596,'114.125.220.254','operator@gmail.com',2,'2025-01-15 07:31:23',1),
(597,'114.125.166.251','operator@gmail.com',2,'2025-01-15 07:48:21',1),
(598,'180.249.36.30','operator@gmail.com',2,'2025-01-15 07:59:43',1),
(599,'180.249.36.30','operator1',NULL,'2025-01-15 08:24:16',0),
(600,'180.249.36.30','operator@gmail.com',2,'2025-01-15 08:24:43',1),
(601,'180.249.36.30','operator@gmail.com',2,'2025-01-15 09:28:17',1),
(602,'182.1.166.73','anu@gmail.com',1,'2025-01-15 11:51:30',1),
(603,'180.249.36.30','operator@gmail.com',2,'2025-01-15 11:58:48',1),
(604,'114.125.171.251','operator@gmail.com',2,'2025-01-15 15:21:14',1),
(605,'180.249.36.30','operator@gmail.com',2,'2025-01-15 15:30:56',1),
(606,'182.1.211.193','operator@gmail.com',2,'2025-01-15 15:31:29',1),
(607,'114.125.170.219','operator@gmail.com',2,'2025-01-15 15:32:11',1),
(608,'182.1.211.193','operator@gmail.com',2,'2025-01-15 15:32:22',1),
(609,'114.125.184.30','operator@gmail.com',2,'2025-01-15 15:32:53',1),
(610,'182.1.180.176','operator@gmail.com',2,'2025-01-15 15:34:30',1),
(611,'114.10.134.181','operator@gmail.com',2,'2025-01-15 15:36:15',1),
(612,'182.1.177.82','operator@gmail.com',2,'2025-01-15 15:39:31',1),
(613,'114.125.221.106','kepsek@smkncampalagian.sch.id',3,'2025-01-15 15:42:42',1),
(614,'114.125.92.167','operator@gmail.com',2,'2025-01-15 15:51:13',1),
(615,'140.213.181.192','operator1',NULL,'2025-01-15 19:24:42',0),
(616,'182.1.219.204','operator@gmail.com',2,'2025-01-16 06:44:20',1),
(617,'180.249.36.30','operator@gmail.com',2,'2025-01-16 07:20:36',1),
(618,'182.1.183.165','operator1',NULL,'2025-01-16 07:35:48',0),
(619,'182.1.183.165','operator@gmail.com',2,'2025-01-16 07:36:02',1),
(620,'182.1.210.197','operator@gmail.com',2,'2025-01-16 07:47:25',1),
(621,'180.249.36.30','operator@gmail.com',2,'2025-01-16 09:06:27',1),
(622,'182.1.166.187','anu@gmail.com',1,'2025-01-16 09:24:57',1),
(623,'140.213.73.251','operator@gmail.com',2,'2025-01-16 12:51:04',1),
(624,'182.1.165.129','operator@gmail.com',2,'2025-01-16 13:00:11',1),
(625,'180.249.36.30','operator@gmail.com',2,'2025-01-16 13:06:57',1),
(626,'182.1.184.41','operator@gmail.com',2,'2025-01-16 13:07:34',1),
(627,'180.249.36.30','operator@gmail.com',2,'2025-01-16 13:55:46',1),
(628,'114.125.189.224','operator@gmail.com',2,'2025-01-16 16:29:44',1),
(629,'114.125.203.103','operator@gmail.com',2,'2025-01-17 06:43:41',1),
(630,'114.125.221.165','anu@gmail.com',1,'2025-01-17 06:52:00',1),
(631,'114.125.203.103','operator@gmail.com',2,'2025-01-17 06:58:25',1),
(632,'114.125.180.68','operator@gmail.com',2,'2025-01-17 07:27:55',1),
(633,'180.249.36.30','operator@gmail.com',2,'2025-01-17 07:29:00',1),
(634,'114.125.198.86','operator@gmail.com',2,'2025-01-17 07:32:37',1),
(635,'180.249.36.30','kepsek@smkncampalagian.sch.id',3,'2025-01-17 07:33:57',1),
(636,'180.249.36.30','operator@gmail.com',2,'2025-01-17 07:58:53',1),
(637,'180.249.36.30','operator@gmail.com',2,'2025-01-17 08:03:05',1),
(638,'182.1.85.211','operator@gmail.com',2,'2025-01-17 08:17:41',1),
(639,'114.125.218.188','kepsek@smkncampalagian.sch.id',3,'2025-01-17 10:09:06',1),
(640,'114.125.207.205','operator@gmail.com',2,'2025-01-17 11:03:14',1),
(641,'114.125.184.165','operator@gmail.com',2,'2025-01-17 11:04:09',1),
(642,'180.249.36.30','operator@gmail.com',2,'2025-01-17 11:05:09',1),
(643,'180.249.36.30','operator@gmail.com',2,'2025-01-17 11:06:10',1),
(644,'114.125.204.5','operator@gmail.com',2,'2025-01-17 11:06:19',1),
(645,'180.249.36.30','operator@gmail.com',2,'2025-01-17 11:07:16',1),
(646,'182.1.201.58','operator@gmail.com',2,'2025-01-17 11:08:01',1),
(647,'180.249.36.30','anu@gmail.com',1,'2025-01-17 11:09:18',1),
(648,'182.1.187.189','anu@gmail.com',1,'2025-01-17 11:55:34',1),
(649,'114.125.207.180','anu@gmail.com',1,'2025-01-17 13:08:41',1),
(650,'182.1.218.209','operator@gmail.com',2,'2025-01-17 13:27:20',1),
(651,'114.125.221.104','operator',NULL,'2025-01-18 11:39:13',0),
(652,'182.1.180.137','anu@gmail.com',1,'2025-01-20 06:22:58',1),
(653,'182.1.213.79','operator@gmail.com',2,'2025-01-20 06:38:19',1),
(654,'114.125.202.98','operator@gmail.com',2,'2025-01-20 07:11:12',1),
(655,'114.125.166.42','operator@gmail.com',2,'2025-01-20 07:21:01',1),
(656,'114.125.200.181','kepsek@smkncampalagian.sch.id',3,'2025-01-20 07:38:06',1),
(657,'180.249.36.30','operator@gmail.com',2,'2025-01-20 08:15:28',1),
(658,'180.249.36.30','operator@gmail.com',2,'2025-01-20 08:25:48',1),
(659,'180.249.36.30','operator@gmail.com',2,'2025-01-20 08:26:22',1),
(660,'114.125.173.249','anu@gmail.com',1,'2025-01-20 12:30:42',1),
(661,'180.249.36.30','operator@gmail.com',2,'2025-01-20 14:52:51',1),
(662,'182.1.210.34','operator@gmail.com',2,'2025-01-20 14:53:12',1),
(663,'182.1.161.176','operator@gmail.com',2,'2025-01-20 14:53:30',1),
(664,'180.249.36.30','operator@gmail.com',2,'2025-01-20 14:53:54',1),
(665,'114.125.218.10','operator@gmail.com',2,'2025-01-20 14:54:19',1),
(666,'182.1.210.172','operator@gmail.com',2,'2025-01-20 14:56:03',1),
(667,'182.1.167.235','operator@gmail.com',2,'2025-01-20 14:57:34',1),
(668,'182.1.210.172','operator@gmail.com',2,'2025-01-20 14:58:25',1),
(669,'114.125.198.161','operator',NULL,'2025-01-20 18:30:26',0),
(670,'114.125.198.161','superadmin',NULL,'2025-01-20 18:30:32',0),
(671,'114.125.198.161','operator',NULL,'2025-01-20 18:31:03',0),
(672,'114.125.189.9','anu@gmail.com',1,'2025-01-20 18:57:16',1),
(673,'125.162.213.5','operator@gmail.com',2,'2025-01-20 21:21:50',1),
(674,'114.125.188.69','operator@gmail.com',2,'2025-01-21 06:35:16',1),
(675,'114.125.196.9','kepsek@smkncampalagian.sch.id',3,'2025-01-21 06:53:36',1),
(676,'182.1.176.139','operator@gmail.com',2,'2025-01-21 07:00:13',1),
(677,'180.249.36.30','operator@gmail.com',2,'2025-01-21 07:19:07',1),
(678,'180.249.36.30','operator@gmail.com',2,'2025-01-21 07:36:02',1),
(679,'182.1.171.14','anu@gmail.com',1,'2025-01-21 07:36:28',1),
(680,'180.249.36.30','operator@gmail.com',2,'2025-01-21 07:56:18',1),
(681,'182.1.214.92','operator@gmail.com',2,'2025-01-21 08:02:53',1),
(682,'180.249.36.30','operator@gmail.com',2,'2025-01-21 08:05:07',1),
(683,'180.249.36.30','anu@gmail.com',1,'2025-01-21 09:10:43',1),
(684,'182.1.214.92','operator@gmail.com',2,'2025-01-21 09:41:00',1),
(685,'114.125.183.251','kepsek@smkncampalagian.sch.id',3,'2025-01-21 10:02:47',1),
(686,'180.249.36.30','operator@gmail.com',2,'2025-01-21 10:46:38',1),
(687,'180.249.36.30','anu@gmail.com',1,'2025-01-21 11:26:34',1),
(688,'182.1.185.2','anu@gmail.com',1,'2025-01-21 15:27:01',1),
(689,'182.1.185.2','anu@gmail.com',1,'2025-01-21 15:30:10',1),
(690,'180.249.36.30','operator@gmail.com',2,'2025-01-21 15:33:12',1),
(691,'114.125.200.181','operator@gmail.com',2,'2025-01-21 15:35:17',1),
(692,'114.125.169.233','operator@gmail.com',2,'2025-01-21 15:35:56',1),
(693,'180.249.36.30','operator@gmail.com',2,'2025-01-21 15:36:41',1),
(694,'114.125.183.251','kepsek@smkncampalagian.sch.id',3,'2025-01-21 15:37:58',1),
(695,'182.1.214.176','operator@gmail.com',2,'2025-01-21 15:39:41',1),
(696,'182.1.214.146','operator@gmail.com',2,'2025-01-21 15:40:18',1),
(697,'114.125.166.22','operator@gmail.com',2,'2025-01-21 15:44:20',1),
(698,'114.125.166.22','operator@gmail.com',2,'2025-01-21 15:58:43',1),
(699,'180.249.36.30','operator@gmail.com',2,'2025-01-21 17:26:47',1),
(700,'182.1.218.193','Operator1',NULL,'2025-01-22 06:49:22',0),
(701,'182.1.218.193','operator@gmail.com',2,'2025-01-22 06:49:35',1),
(702,'182.1.179.62','operator@gmail.com',2,'2025-01-22 06:57:15',1),
(703,'182.1.179.62','operator@gmail.com',2,'2025-01-22 07:05:17',1),
(704,'180.249.36.30','operator@gmail.com',2,'2025-01-22 07:24:04',1),
(705,'114.125.202.159','operator@gmail.com',2,'2025-01-22 07:30:56',1),
(706,'180.249.36.30','operator@gmail.com',2,'2025-01-22 07:31:13',1),
(707,'180.249.36.30','operator@gmail.com',2,'2025-01-22 07:40:08',1),
(708,'180.249.36.30','operator',NULL,'2025-01-22 07:45:07',0),
(709,'180.249.36.30','operator',NULL,'2025-01-22 07:45:30',0),
(710,'180.249.36.30','operator',NULL,'2025-01-22 07:45:32',0),
(711,'180.249.36.30','operator',NULL,'2025-01-22 07:45:38',0),
(712,'180.249.36.30','operator',NULL,'2025-01-22 07:46:03',0),
(713,'180.249.36.30','operator@gmail.com',2,'2025-01-22 07:46:25',1),
(714,'180.249.36.30','operator@gmail.com',2,'2025-01-22 07:46:34',1),
(715,'180.249.36.30','operator@gmail.com',2,'2025-01-22 07:46:37',1),
(716,'182.1.166.149','anu@gmail.com',1,'2025-01-22 07:46:37',1),
(717,'114.125.165.18','kepsek@smkncampalagian.sch.id',3,'2025-01-22 08:06:52',1),
(718,'180.249.36.30','anu@gmail.com',1,'2025-01-22 08:18:28',1),
(719,'114.125.166.90','operator@gmail.com',2,'2025-01-22 09:23:34',1),
(720,'114.125.166.90','operator@gmail.com',2,'2025-01-22 09:23:35',1),
(721,'180.249.36.30','operator@gmail.com',2,'2025-01-22 10:30:11',1),
(722,'114.125.186.42','kepsek@smkncampalagian.sch.id',3,'2025-01-22 11:39:40',1),
(723,'180.249.36.30','operator@gmail.com',2,'2025-01-22 13:00:42',1),
(724,'180.249.36.30','operator@gmail.com',2,'2025-01-22 14:38:48',1),
(725,'182.1.196.172','operator@gmail.com',2,'2025-01-22 15:16:59',1),
(726,'180.249.36.30','anu@gmail.com',1,'2025-01-22 15:30:24',1),
(727,'114.125.219.123','operator@gmail.com',2,'2025-01-22 15:33:55',1),
(728,'180.249.36.30','operator@gmail.com',2,'2025-01-22 15:34:11',1),
(729,'180.249.36.30','operator@gmail.com',2,'2025-01-22 15:34:41',1),
(730,'182.1.194.24','operator@gmail.com',2,'2025-01-22 15:34:52',1),
(731,'114.125.185.165','operator@gmail.com',2,'2025-01-23 06:02:29',1),
(732,'182.1.203.125','operator@gmail.com',2,'2025-01-23 06:46:05',1),
(733,'180.249.36.30','operator',NULL,'2025-01-23 07:21:08',0),
(734,'180.249.36.30','operator',NULL,'2025-01-23 07:21:12',0),
(735,'180.249.36.30','operator@gmail.com',2,'2025-01-23 07:21:31',1),
(736,'180.249.36.30','operator@gmail.com',2,'2025-01-23 07:23:18',1),
(737,'180.249.36.30','operator@gmail.com',2,'2025-01-23 07:32:58',1),
(738,'180.249.36.30','operator@gmail.com',2,'2025-01-23 07:40:11',1),
(739,'180.249.36.30','anu@gmail.com',1,'2025-01-23 07:53:23',1),
(740,'114.125.216.109','operator@gmail.com',2,'2025-01-23 08:19:21',1),
(741,'180.249.36.30','operator@gmail.com',2,'2025-01-23 08:25:31',1),
(742,'180.249.36.30','operator@gmail.com',2,'2025-01-23 13:39:35',1),
(743,'114.125.217.48','operator@gmail.com',2,'2025-01-23 14:41:23',1),
(744,'180.249.36.30','anu@gmail.com',1,'2025-01-23 15:02:57',1),
(745,'182.1.197.197','anu@gmail.com',1,'2025-01-23 15:32:10',1),
(746,'180.249.36.30','Operator1',NULL,'2025-01-23 15:33:02',0),
(747,'180.249.36.30','operator@gmail.com',2,'2025-01-23 15:33:12',1),
(748,'180.249.36.30','operator@gmail.com',2,'2025-01-23 15:33:41',1),
(749,'180.249.36.30','operator@gmail.com',2,'2025-01-23 15:34:36',1),
(750,'182.1.171.69','anu@gmail.com',1,'2025-01-23 15:36:35',1),
(751,'180.249.36.30','operator@gmail.com',2,'2025-01-23 15:37:44',1),
(752,'182.1.176.255','operator@gmail.com',2,'2025-01-23 15:37:44',1),
(753,'182.1.176.255','operator@gmail.com',2,'2025-01-23 15:37:44',1),
(754,'182.1.176.255','operator@gmail.com',2,'2025-01-23 15:37:44',1),
(755,'182.1.186.54','operator@gmail.com',2,'2025-01-24 06:36:44',1),
(756,'112.215.124.134','operator@gmail.com',2,'2025-01-24 06:41:22',1),
(757,'114.125.185.190','operator@gmail.com',2,'2025-01-24 06:58:51',1),
(758,'182.1.186.54','operator@gmail.com',2,'2025-01-24 07:02:48',1),
(759,'180.249.36.30','operator@gmail.com',2,'2025-01-24 07:29:53',1),
(760,'114.125.213.196','operator@gmail.com',2,'2025-01-24 07:50:08',1),
(761,'114.125.171.76','anu@gmail.com',1,'2025-01-24 07:55:00',1),
(762,'114.125.175.227','operator@gmail.com',2,'2025-01-24 08:12:49',1),
(763,'180.249.36.30','kepsek@smkncampalagian.sch.id',3,'2025-01-24 08:23:01',1),
(764,'180.249.36.30','operator@gmail.com',2,'2025-01-24 08:24:33',1),
(765,'180.249.36.30','operator@gmail.com',2,'2025-01-24 08:26:08',1),
(766,'182.1.161.102','operator@gmail.com',2,'2025-01-24 08:43:59',1),
(767,'180.249.36.30','operator@gmail.com',2,'2025-01-24 08:58:41',1),
(768,'180.249.36.30','operator@gmail.com',2,'2025-01-24 11:03:06',1),
(769,'180.249.36.30','anu@gmail.com',1,'2025-01-24 11:03:37',1),
(770,'114.125.218.16','operator@gmail.com',2,'2025-01-24 11:04:45',1),
(771,'180.249.36.30','operator@gmail.com',2,'2025-01-24 11:05:46',1),
(772,'180.249.36.30','operator@gmail.com',2,'2025-01-24 11:06:42',1),
(773,'182.1.216.47','operator@gmail.com',2,'2025-01-24 11:07:54',1),
(774,'114.125.213.76','anu@gmail.com',1,'2025-01-24 11:10:38',1),
(775,'114.125.171.76','anu@gmail.com',1,'2025-01-24 11:15:28',1),
(776,'114.125.168.121','operator@gmail.com',2,'2025-01-24 21:18:37',1),
(777,'114.125.204.121','anu@gmail.com',1,'2025-01-30 06:06:34',1),
(778,'114.125.220.38','operator@gmail.com',2,'2025-01-30 06:35:23',1),
(779,'114.125.220.38','operator@gmail.com',2,'2025-01-30 07:00:06',1),
(780,'36.83.69.55','operator@gmail.com',2,'2025-01-30 07:24:27',1),
(781,'114.125.212.49','operator@gmail.com',2,'2025-01-30 07:31:59',1),
(782,'114.125.204.121','anu@gmail.com',1,'2025-01-30 07:41:26',1),
(783,'36.83.69.55','operator@gmail.com',2,'2025-01-30 07:44:56',1),
(784,'36.83.69.55','operator@gmail.com',2,'2025-01-30 07:58:43',1),
(785,'36.83.69.55','operator1',NULL,'2025-01-30 08:19:00',0),
(786,'36.83.69.55','operator@gmail.com',2,'2025-01-30 08:19:18',1),
(787,'114.125.204.121','anu@gmail.com',1,'2025-01-30 08:43:07',1),
(788,'36.83.69.55','anu@gmail.com',1,'2025-01-30 08:43:26',1),
(789,'114.125.204.121','anu@gmail.com',1,'2025-01-30 11:26:34',1),
(790,'36.83.69.55','operator@gmail.com',2,'2025-01-30 14:33:11',1),
(791,'36.83.69.55','operator@gmail.com',2,'2025-01-30 14:58:49',1),
(792,'114.125.171.81','operator@gmail.com',2,'2025-01-30 15:29:52',1),
(793,'36.83.69.55','anu@gmail.com',1,'2025-01-30 15:33:33',1),
(794,'114.125.204.121','anu@gmail.com',1,'2025-01-30 15:34:01',1),
(795,'36.83.69.55','operator@gmail.com',2,'2025-01-30 15:35:23',1),
(796,'114.125.212.33','operator@gmail.com',2,'2025-01-30 15:35:34',1),
(797,'36.83.69.55','operator@gmail.com',2,'2025-01-30 15:36:42',1),
(798,'36.83.69.55','operator@gmail.com',2,'2025-01-30 15:37:47',1),
(799,'114.125.187.211','kepsek@smkncampalagian.sch.id',3,'2025-01-30 15:39:45',1),
(800,'36.83.78.176','operator@gmail.com',2,'2025-01-30 15:42:54',1),
(801,'114.125.218.211','operator@gmail.com',2,'2025-01-31 06:41:23',1),
(802,'114.125.218.211','operator@gmail.com',2,'2025-01-31 07:06:28',1),
(803,'110.139.205.116','operator@gmail.com',2,'2025-01-31 07:27:19',1),
(804,'36.83.69.55','operator@gmail.com',2,'2025-01-31 07:29:27',1),
(805,'36.83.69.55','operator@gmail.com',2,'2025-01-31 07:30:39',1),
(806,'114.125.197.111','operator@gmail.com',2,'2025-01-31 07:30:40',1),
(807,'114.125.187.211','kepsek@smkncampalagian.sch.id',3,'2025-01-31 07:33:29',1),
(808,'36.83.69.55','operator@gmail.com',2,'2025-01-31 07:38:47',1),
(809,'182.1.168.253','operator@gmail.com',2,'2025-01-31 07:44:05',1),
(810,'36.83.69.55','operator@gmail.com',2,'2025-01-31 07:59:43',1),
(811,'36.83.69.55','anu@gmail.com',1,'2025-01-31 10:40:58',1),
(812,'36.83.69.55','anu@gmail.com',1,'2025-01-31 10:40:59',1),
(813,'182.1.201.50','operator@gmail.com',2,'2025-01-31 11:00:56',1),
(814,'114.125.183.164','operator1',NULL,'2025-01-31 11:01:54',0),
(815,'114.125.183.164','operator@gmail.com',2,'2025-01-31 11:02:16',1),
(816,'182.1.170.225','operator@gmail.com',2,'2025-01-31 11:03:16',1),
(817,'114.125.197.21','operator@gmail.com',2,'2025-01-31 11:05:00',1),
(818,'182.1.208.31','anu@gmail.com',1,'2025-01-31 11:05:08',1),
(819,'36.83.69.55','operator@gmail.com',2,'2025-01-31 11:05:22',1),
(820,'182.1.197.93','kepsek@smkncampalagian.sch.id',3,'2025-01-31 11:05:48',1),
(821,'182.1.199.15','operator@gmail.com',2,'2025-01-31 11:06:03',1),
(822,'36.83.69.55','operator@gmail.com',2,'2025-01-31 11:09:04',1),
(823,'114.125.183.164','operator@gmail.com',2,'2025-01-31 11:17:42',1),
(824,'36.83.69.55','kepsek@smkncampalagian.sch.id',3,'2025-01-31 11:18:56',1),
(825,'182.1.198.126','operator@gmail.com',2,'2025-01-31 11:58:11',1),
(826,'182.1.198.126','operator@gmail.com',2,'2025-01-31 11:59:34',1),
(827,'114.125.189.190','operator@gmail.com',2,'2025-02-03 06:07:31',1),
(828,'182.1.213.122','operator@gmail.com',2,'2025-02-03 06:49:14',1),
(829,'114.125.167.154','kepsek@smkncampalagian.sch.id',3,'2025-02-03 07:01:28',1),
(830,'114.125.215.154','operator@gmail.com',2,'2025-02-03 07:11:53',1),
(831,'36.85.177.85','operator@gmail.com',2,'2025-02-03 07:24:24',1),
(832,'36.85.177.85','operator@gmail.com',2,'2025-02-03 07:34:34',1),
(833,'36.85.177.85','operator@gmail.com',2,'2025-02-03 07:36:38',1),
(834,'114.125.201.223','anu@gmail.com',1,'2025-02-03 07:51:01',1),
(835,'36.85.177.85','operator@gmail.com',2,'2025-02-03 08:21:25',1),
(836,'36.85.177.85','anu@gmail.com',1,'2025-02-03 14:52:41',1),
(837,'182.1.195.140','operator@gmail.com',2,'2025-02-03 14:55:07',1),
(838,'114.125.189.190','operator@gmail.com',2,'2025-02-03 14:55:15',1),
(839,'182.1.184.115','anu@gmail.com',1,'2025-02-03 14:55:15',1),
(840,'36.85.177.85','operator@gmail.com',2,'2025-02-03 14:55:54',1),
(841,'114.125.215.150','operator@gmail.com',2,'2025-02-03 14:57:26',1),
(842,'114.125.199.22','operator@gmail.com',2,'2025-02-03 14:57:27',1),
(843,'36.85.177.85','operator@gmail.com',2,'2025-02-03 14:58:58',1),
(844,'114.125.168.145','operator@gmail.com',2,'2025-02-03 14:59:12',1),
(845,'182.1.193.105','kepsek@smkncampalagian.sch.id',3,'2025-02-03 15:05:45',1),
(846,'36.85.177.85','anu@gmail.com',1,'2025-02-03 15:35:05',1),
(847,'114.125.170.61','operator@gmail.com',2,'2025-02-04 06:40:11',1),
(848,'114.125.165.140','operator@gmail.com',2,'2025-02-04 07:11:09',1),
(849,'36.85.177.85','operator@gmail.com',2,'2025-02-04 07:26:15',1),
(850,'114.125.214.145','operator@gmail.com',2,'2025-02-04 07:26:15',1),
(851,'36.85.177.85','operator@gmail.com',2,'2025-02-04 07:32:15',1),
(852,'36.85.177.85','operator@gmail.com',2,'2025-02-04 07:32:16',1),
(853,'114.125.170.100','operator@gmail.com',2,'2025-02-04 07:45:46',1),
(854,'114.125.165.8','kepsek@smkncampalagian.sch.id',3,'2025-02-04 07:52:31',1),
(855,'114.125.197.169','anu@gmail.com',1,'2025-02-04 07:56:52',1),
(856,'140.213.181.198','operator@gmail.com',2,'2025-02-04 08:05:19',1),
(857,'36.85.177.85','operator@gmail.com',2,'2025-02-04 08:17:50',1),
(858,'36.85.177.85','operator@gmail.com',2,'2025-02-04 10:00:50',1),
(859,'36.85.177.85','operator@gmail.com',2,'2025-02-04 10:00:51',1),
(860,'114.125.207.161','operator@gmail.com',2,'2025-02-04 12:14:42',1),
(861,'114.125.215.151','anu@gmail.com',1,'2025-02-04 13:39:47',1),
(862,'182.1.199.189','operator@gmail.com',2,'2025-02-04 15:24:44',1),
(863,'114.125.221.0','operator@gmail.com',2,'2025-02-04 15:26:08',1),
(864,'36.85.177.85','operator@gmail.com',2,'2025-02-04 15:34:41',1),
(865,'36.85.177.85','operator@gmail.com',2,'2025-02-04 15:35:18',1),
(866,'182.1.184.241','anu@gmail.com',1,'2025-02-04 15:35:37',1),
(867,'182.1.164.210','operator@gmail.com',2,'2025-02-04 15:35:54',1),
(868,'114.125.221.0','operator1',NULL,'2025-02-04 15:35:57',0),
(869,'114.125.221.0','operator@gmail.com',2,'2025-02-04 15:36:17',1),
(870,'182.1.184.241','anu@gmail.com',1,'2025-02-04 15:36:33',1),
(871,'114.125.205.138','kepsek@smkncampalagian.sch.id',3,'2025-02-04 15:39:28',1),
(872,'114.125.187.240','Kepsek ',NULL,'2025-02-04 15:41:00',0),
(873,'114.125.187.240','kepsek@smkncampalagian.sch.id',3,'2025-02-04 15:41:16',1),
(874,'182.1.184.241','anu@gmail.com',1,'2025-02-04 16:35:38',1),
(875,'114.125.189.132','operator@gmail.com',2,'2025-02-04 23:04:58',1),
(876,'114.125.187.59','operator@gmail.com',2,'2025-02-05 06:07:12',1),
(877,'114.125.220.82','operator@gmail.com',2,'2025-02-05 07:09:05',1),
(878,'114.125.220.82','operator@gmail.com',2,'2025-02-05 07:13:40',1),
(879,'114.125.220.82','operator@gmail.com',2,'2025-02-05 07:13:40',1),
(880,'182.1.217.182','operator@gmail.com',2,'2025-02-05 07:27:43',1),
(881,'36.85.177.85','operator@gmail.com',2,'2025-02-05 07:48:17',1),
(882,'36.85.177.85','operator@gmail.com',2,'2025-02-05 07:58:33',1),
(883,'114.125.197.212','superadmin',NULL,'2025-02-05 10:08:49',0),
(884,'114.125.197.212','kepsek@smkncampalagian.sch.id',3,'2025-02-05 10:09:09',1),
(885,'182.1.211.120','operator@gmail.com',2,'2025-02-05 11:18:11',1),
(886,'36.85.177.85','anu@gmail.com',1,'2025-02-05 14:30:13',1),
(887,'36.85.177.85','operator@gmail.com',2,'2025-02-05 14:57:36',1),
(888,'114.125.213.220','kepsek@smkncampalagian.sch.id',3,'2025-02-05 14:59:13',1),
(889,'114.125.175.164','anu@gmail.com',1,'2025-02-05 15:20:04',1),
(890,'182.1.197.189','anu@gmail.com',1,'2025-02-05 15:23:23',1),
(891,'182.1.195.112','operator@gmail.com',2,'2025-02-05 15:34:42',1),
(892,'182.1.180.13','operator@gmail.com',2,'2025-02-05 15:34:45',1),
(893,'36.85.177.85','operator@gmail.com',2,'2025-02-05 15:34:54',1),
(894,'36.85.177.85','operator@gmail.com',2,'2025-02-05 15:35:16',1),
(895,'182.1.167.157','operator@gmail.com',2,'2025-02-05 21:25:32',1),
(896,'182.1.167.157','operator@gmail.com',2,'2025-02-05 21:25:33',1),
(897,'114.125.197.3','operator@gmail.com',2,'2025-02-06 06:18:47',1),
(898,'114.125.197.167','operator@gmail.com',2,'2025-02-06 07:06:54',1),
(899,'114.125.197.167','operator@gmail.com',2,'2025-02-06 07:06:55',1),
(900,'182.1.218.100','operator@gmail.com',2,'2025-02-06 07:24:05',1),
(901,'114.125.221.149','operator@gmail.com',2,'2025-02-06 07:35:24',1),
(902,'125.162.212.107','operator@gmail.com',2,'2025-02-06 07:37:57',1),
(903,'182.1.214.119','operator@gmail.com',2,'2025-02-06 07:39:10',1),
(904,'182.1.214.119','operator@gmail.com',2,'2025-02-06 07:39:10',1),
(905,'114.125.167.52','anu@gmail.com',1,'2025-02-06 07:45:17',1),
(906,'36.85.177.85','operator@gmail.com',2,'2025-02-06 07:45:49',1),
(907,'36.85.177.85','operator@gmail.com',2,'2025-02-06 07:46:20',1),
(908,'36.85.177.85','operator@gmail.com',2,'2025-02-06 07:58:17',1),
(909,'36.85.177.85','operator@gmail.com',2,'2025-02-06 07:59:43',1),
(910,'114.125.197.24','anu@gmail.com',1,'2025-02-06 10:11:01',1),
(911,'114.125.214.53','kepsek@smkncampalagian.sch.id',3,'2025-02-06 10:20:34',1),
(912,'182.1.162.145','operator@gmail.com',2,'2025-02-06 10:32:14',1),
(913,'182.1.199.91','operator@gmail.com',2,'2025-02-06 10:42:02',1),
(914,'114.125.201.164','operator@gmail.com',2,'2025-02-06 15:08:11',1),
(915,'114.125.167.52','anu@gmail.com',1,'2025-02-06 15:18:24',1),
(916,'114.125.167.52','anu@gmail.com',1,'2025-02-06 15:24:11',1),
(917,'36.85.177.85','operator@gmail.com',2,'2025-02-06 15:31:13',1),
(918,'140.213.74.44','anu@gmail.com',1,'2025-02-06 15:33:30',1),
(919,'36.85.177.85','operator@gmail.com',2,'2025-02-06 15:33:46',1),
(920,'182.1.198.41','operator@gmail.com',2,'2025-02-06 15:34:19',1),
(921,'182.1.162.133','operator@gmail.com',2,'2025-02-06 15:35:08',1),
(922,'36.85.177.85','operator@gmail.com',2,'2025-02-06 15:36:29',1),
(923,'182.1.208.133','kesek',NULL,'2025-02-06 15:37:59',0),
(924,'182.1.208.133','kepsek@smkncampalagian.sch.id',3,'2025-02-06 15:38:33',1),
(925,'182.1.198.99','operator@gmail.com',2,'2025-02-06 15:41:03',1),
(926,'114.125.214.69','kepsek@smkncampalagian.sch.id',3,'2025-02-06 16:14:42',1),
(927,'36.83.91.9','operator@gmail.com',2,'2025-02-06 21:27:44',1),
(928,'114.125.221.193','operator@gmail.com',2,'2025-02-07 06:49:25',1),
(929,'114.125.221.193','operator@gmail.com',2,'2025-02-07 06:57:38',1),
(930,'125.162.212.107','operator@gmail.com',2,'2025-02-07 07:21:17',1),
(931,'125.162.212.107','operator@gmail.com',2,'2025-02-07 07:22:28',1),
(932,'182.1.213.106','operator@gmail.com',2,'2025-02-07 07:25:31',1),
(933,'114.125.221.193','operator@gmail.com',2,'2025-02-07 07:29:44',1),
(934,'114.125.187.133','operator@gmail.com',2,'2025-02-07 07:57:48',1),
(935,'36.85.177.85','pengawas1',NULL,'2025-02-07 08:04:47',0),
(936,'182.1.183.0','operator@gmail.com',2,'2025-02-07 08:17:35',1),
(937,'182.1.183.0','operator@gmail.com',2,'2025-02-07 08:17:36',1),
(938,'36.85.177.85','operator@gmail.com',2,'2025-02-07 08:18:02',1),
(939,'36.85.177.85','operator@gmail.com',2,'2025-02-07 08:43:30',1),
(940,'114.125.215.143','anu@gmail.com',1,'2025-02-07 11:03:38',1),
(941,'36.85.177.85','kepsek@smkncampalagian.sch.id',3,'2025-02-07 11:05:34',1),
(942,'36.85.177.85','kepsek@smkncampalagian.sch.id',3,'2025-02-07 11:05:36',1),
(943,'114.125.164.150','operator@gmail.com',2,'2025-02-07 11:06:00',1),
(944,'36.85.177.85','operator@gmail.com',2,'2025-02-07 11:06:05',1),
(945,'182.1.162.226','operator@gmail.com',2,'2025-02-07 11:06:29',1),
(946,'36.85.177.85','operator@gmail.com',2,'2025-02-07 11:08:49',1),
(947,'36.85.177.85','operator@gmail.com',2,'2025-02-07 11:19:09',1),
(948,'114.125.215.143','anu@gmail.com',1,'2025-02-07 11:33:47',1),
(949,'114.125.196.104','anu@gmail.com',1,'2025-02-09 12:59:48',1),
(950,'114.125.212.21','operator@gmail.com',2,'2025-02-10 06:43:12',1),
(951,'182.1.160.249','operator@gmail.com',2,'2025-02-10 07:01:04',1),
(952,'140.213.73.107','operator@gmail.com',2,'2025-02-10 07:10:51',1),
(953,'182.1.219.61','kepsek@smkncampalagian.sch.id',3,'2025-02-10 07:10:54',1),
(954,'114.10.134.140','operator@gmail.com',2,'2025-02-10 07:18:35',1),
(955,'114.125.197.141','operator@gmail.com',2,'2025-02-10 07:25:20',1),
(956,'114.125.212.21','operator@gmail.com',2,'2025-02-10 07:29:04',1),
(957,'182.1.168.71','operator@gmail.com',2,'2025-02-10 07:32:55',1),
(958,'140.213.73.107','operator@gmail.com',2,'2025-02-10 08:20:42',1),
(959,'182.1.168.233','operator@gmail.com',2,'2025-02-10 09:00:46',1),
(960,'36.83.64.65','operator@gmail.com',2,'2025-02-10 11:07:24',1),
(961,'36.83.64.65','anu@gmail.com',1,'2025-02-10 11:44:49',1),
(962,'182.1.169.39','operator@gmail.com',2,'2025-02-10 12:23:06',1),
(963,'182.1.185.138','operator@gmail.com',2,'2025-02-10 12:23:38',1),
(964,'182.1.169.39','operator@gmail.com',2,'2025-02-10 12:24:13',1),
(965,'114.125.187.121','operator@gmail.com',2,'2025-02-10 12:26:48',1),
(966,'114.10.135.225','operator@gmail.com',2,'2025-02-10 12:29:07',1),
(967,'182.1.160.249','operator@gmail.com',2,'2025-02-10 12:29:16',1),
(968,'36.83.64.65','kepsek@smkncampalagian.sch.id',3,'2025-02-10 12:30:08',1),
(969,'36.83.64.65','anu@gmail.com',1,'2025-02-10 12:32:31',1),
(970,'36.83.64.65','operator@gmail.com',2,'2025-02-10 13:51:38',1),
(971,'114.125.187.121','operator@gmail.com',2,'2025-02-10 15:29:03',1),
(972,'114.125.213.21','anu@gmail.com',1,'2025-02-10 15:29:55',1),
(973,'114.125.181.133','kepsek@smkncampalagian.sch.id',3,'2025-02-10 15:47:56',1),
(974,'114.125.169.84','operator@gmail.com',2,'2025-02-11 06:16:32',1),
(975,'114.125.167.213','operator@gmail.com',2,'2025-02-11 06:55:37',1),
(976,'114.10.135.247','operator@gmail.com',2,'2025-02-11 07:14:01',1),
(977,'182.1.163.197','operator@gmail.com',2,'2025-02-11 07:23:48',1),
(978,'125.162.213.42','kepsek@smkncampalagian.sch.id',3,'2025-02-11 07:25:52',1),
(979,'114.10.135.172','operator@gmail.com',2,'2025-02-11 07:27:40',1),
(980,'140.213.181.166','operator@gmail.com',2,'2025-02-11 07:29:02',1),
(981,'182.1.177.241','operator@gmail.com',2,'2025-02-11 07:33:34',1),
(982,'125.162.213.42','operator@gmail.com',2,'2025-02-11 07:38:37',1),
(983,'182.1.217.215','anu@gmail.com',1,'2025-02-11 07:39:20',1),
(984,'125.162.213.42','operator@gmail.com',2,'2025-02-11 07:39:47',1),
(985,'182.1.217.215','anu@gmail.com',1,'2025-02-11 08:06:09',1),
(986,'182.1.217.215','anu@gmail.com',1,'2025-02-11 08:16:13',1),
(987,'114.125.173.221','operator@gmail.com',2,'2025-02-11 09:05:34',1),
(988,'182.1.176.194','kepsek@smkncampalagian.sch.id',3,'2025-02-11 09:27:35',1),
(989,'125.162.213.42','anu@gmail.com',1,'2025-02-11 09:43:33',1),
(990,'125.162.213.42','operator@gmail.com',2,'2025-02-11 10:41:55',1),
(991,'125.162.213.42','kepsek@smkncampalagian.sch.id',3,'2025-02-11 10:57:50',1),
(992,'125.162.213.42','anu@gmail.com',1,'2025-02-11 12:45:00',1),
(993,'125.162.213.42','operator@gmail.com',2,'2025-02-11 12:56:18',1),
(994,'140.213.226.19','operator@gmail.com',2,'2025-02-11 13:28:42',1),
(995,'182.1.216.67','anu@gmail.com',1,'2025-02-11 15:20:42',1),
(996,'182.1.177.110','kepsek@smkncampalagian.sch.id',3,'2025-02-11 15:23:48',1),
(997,'125.162.213.42','kepsek@smkncampalagian.sch.id',3,'2025-02-11 15:26:39',1),
(998,'125.162.213.42','operator@gmail.com',2,'2025-02-11 15:33:02',1),
(999,'114.125.173.20','operator@gmail.com',2,'2025-02-11 15:34:50',1),
(1000,'125.162.213.42','operator@gmail.com',2,'2025-02-11 15:35:17',1),
(1001,'125.162.213.42','operator@gmail.com',2,'2025-02-11 15:35:32',1),
(1002,'114.125.189.253','operator@gmail.com',2,'2025-02-11 15:36:23',1),
(1003,'114.10.134.163','operator@gmail.com',2,'2025-02-11 15:36:24',1),
(1004,'125.162.213.42','operator@gmail.com',2,'2025-02-11 15:36:56',1),
(1005,'182.1.186.149','kepsek@smkncampalagian.sch.id',3,'2025-02-11 15:39:36',1),
(1006,'125.162.213.42','kepsek@smkncampalagian.sch.id',3,'2025-02-11 15:39:58',1),
(1007,'114.125.203.208','operator@gmail.com',2,'2025-02-11 15:56:51',1),
(1008,'182.1.162.101','operator@gmail.com',2,'2025-02-12 06:41:11',1),
(1009,'182.1.184.255','operator@gmail.com',2,'2025-02-12 06:58:14',1),
(1010,'182.1.162.101','operator@gmail.com',2,'2025-02-12 07:21:56',1),
(1011,'125.162.213.42','operator@gmail.com',2,'2025-02-12 07:27:45',1),
(1012,'125.162.213.42','kepsek@smkncampalagian.sch.id',3,'2025-02-12 07:28:35',1),
(1013,'114.125.164.120','anu@gmail.com',1,'2025-02-12 07:29:56',1),
(1014,'182.1.201.220','operator@gmail.com',2,'2025-02-12 07:34:19',1),
(1015,'182.1.208.34','operator@gmail.com',2,'2025-02-12 07:40:17',1),
(1016,'114.10.135.245','operator@gmail.com',2,'2025-02-12 07:41:30',1),
(1017,'125.162.213.42','anu@gmail.com',1,'2025-02-12 07:42:15',1),
(1018,'182.1.180.245','operator@gmail.com',2,'2025-02-12 07:47:06',1),
(1019,'125.162.213.42','operator@gmail.com',2,'2025-02-12 07:56:33',1),
(1020,'114.125.164.120','anu@gmail.com',1,'2025-02-12 08:48:43',1),
(1021,'114.125.164.120','anu@gmail.com',1,'2025-02-12 09:47:42',1),
(1022,'125.162.213.42','operator@gmail.com',2,'2025-02-12 10:28:22',1),
(1023,'125.162.213.42','kepsek@smkncampalagian.sch.id',3,'2025-02-12 13:44:15',1),
(1024,'182.1.163.37','operator@gmail.com',2,'2025-02-12 15:26:23',1),
(1025,'125.162.213.42','anu@gmail.com',1,'2025-02-12 15:26:51',1),
(1026,'114.125.217.61','anu@gmail.com',1,'2025-02-12 15:33:31',1),
(1027,'114.125.169.248','operator@gmail.com',2,'2025-02-12 15:34:04',1),
(1028,'114.125.169.248','operator@gmail.com',2,'2025-02-12 15:34:42',1),
(1029,'114.125.207.110','operator@gmail.com',2,'2025-02-12 15:34:54',1),
(1030,'114.125.167.172','operator@gmail.com',2,'2025-02-12 15:35:13',1),
(1031,'125.162.213.42','operator@gmail.com',2,'2025-02-12 15:35:16',1),
(1032,'182.1.195.100','kepsek@smkncampalagian.sch.id',3,'2025-02-12 15:36:14',1),
(1033,'114.125.201.237','anu@gmail.com',1,'2025-02-12 21:13:50',1),
(1034,'114.125.181.1','operator@gmail.com',2,'2025-02-12 23:11:54',1),
(1035,'114.125.181.1','operator@gmail.com',2,'2025-02-12 23:11:54',1),
(1036,'182.1.208.181','kepsek@smkncampalagian.sch.id',3,'2025-02-13 00:18:37',1),
(1037,'182.1.162.157','operator@gmail.com',2,'2025-02-13 06:45:37',1),
(1038,'182.1.182.71','operator@gmail.com',2,'2025-02-13 06:55:27',1),
(1039,'182.1.162.157','operator@gmail.com',2,'2025-02-13 07:04:37',1),
(1040,'182.1.215.153','kepsek@smkncampalagian.sch.id',3,'2025-02-13 07:18:08',1),
(1041,'182.1.193.18','operator@gmail.com',2,'2025-02-13 07:26:11',1),
(1042,'114.125.217.86','operator@gmail.com',2,'2025-02-13 07:36:48',1),
(1043,'114.125.223.213','operator@gmail.com',2,'2025-02-13 07:58:40',1),
(1044,'125.162.213.42','operator@gmail.com',2,'2025-02-13 08:06:21',1);
/*!40000 ALTER TABLE `auth_logins` ENABLE KEYS */;
UNLOCK TABLES;

--
-- Table structure for table `auth_permissions`
--

DROP TABLE IF EXISTS `auth_permissions`;
/*!40101 SET @saved_cs_client     = @@character_set_client */;
/*!40101 SET character_set_client = utf8 */;
CREATE TABLE `auth_permissions` (
  `id` int(11) unsigned NOT NULL AUTO_INCREMENT,
  `name` varchar(255) NOT NULL,
  `description` varchar(255) NOT NULL,
  PRIMARY KEY (`id`)
) ENGINE=InnoDB DEFAULT CHARSET=utf8mb3 COLLATE=utf8mb3_general_ci;
/*!40101 SET character_set_client = @saved_cs_client */;

--
-- Dumping data for table `auth_permissions`
--

LOCK TABLES `auth_permissions` WRITE;
/*!40000 ALTER TABLE `auth_permissions` DISABLE KEYS */;
/*!40000 ALTER TABLE `auth_permissions` ENABLE KEYS */;
UNLOCK TABLES;

--
-- Table structure for table `auth_reset_attempts`
--

DROP TABLE IF EXISTS `auth_reset_attempts`;
/*!40101 SET @saved_cs_client     = @@character_set_client */;
/*!40101 SET character_set_client = utf8 */;
CREATE TABLE `auth_reset_attempts` (
  `id` int(11) unsigned NOT NULL AUTO_INCREMENT,
  `email` varchar(255) NOT NULL,
  `ip_address` varchar(255) NOT NULL,
  `user_agent` varchar(255) NOT NULL,
  `token` varchar(255) DEFAULT NULL,
  `created_at` datetime NOT NULL,
  PRIMARY KEY (`id`)
) ENGINE=InnoDB DEFAULT CHARSET=utf8mb3 COLLATE=utf8mb3_general_ci;
/*!40101 SET character_set_client = @saved_cs_client */;

--
-- Dumping data for table `auth_reset_attempts`
--

LOCK TABLES `auth_reset_attempts` WRITE;
/*!40000 ALTER TABLE `auth_reset_attempts` DISABLE KEYS */;
/*!40000 ALTER TABLE `auth_reset_attempts` ENABLE KEYS */;
UNLOCK TABLES;

--
-- Table structure for table `auth_tokens`
--

DROP TABLE IF EXISTS `auth_tokens`;
/*!40101 SET @saved_cs_client     = @@character_set_client */;
/*!40101 SET character_set_client = utf8 */;
CREATE TABLE `auth_tokens` (
  `id` int(11) unsigned NOT NULL AUTO_INCREMENT,
  `selector` varchar(255) NOT NULL,
  `hashedValidator` varchar(255) NOT NULL,
  `user_id` int(11) unsigned NOT NULL,
  `expires` datetime NOT NULL,
  PRIMARY KEY (`id`),
  KEY `auth_tokens_user_id_foreign` (`user_id`),
  KEY `selector` (`selector`),
  CONSTRAINT `auth_tokens_user_id_foreign` FOREIGN KEY (`user_id`) REFERENCES `users` (`id`) ON DELETE CASCADE
) ENGINE=InnoDB DEFAULT CHARSET=utf8mb3 COLLATE=utf8mb3_general_ci;
/*!40101 SET character_set_client = @saved_cs_client */;

--
-- Dumping data for table `auth_tokens`
--

LOCK TABLES `auth_tokens` WRITE;
/*!40000 ALTER TABLE `auth_tokens` DISABLE KEYS */;
/*!40000 ALTER TABLE `auth_tokens` ENABLE KEYS */;
UNLOCK TABLES;

--
-- Table structure for table `auth_users_permissions`
--

DROP TABLE IF EXISTS `auth_users_permissions`;
/*!40101 SET @saved_cs_client     = @@character_set_client */;
/*!40101 SET character_set_client = utf8 */;
CREATE TABLE `auth_users_permissions` (
  `user_id` int(11) unsigned NOT NULL DEFAULT 0,
  `permission_id` int(11) unsigned NOT NULL DEFAULT 0,
  KEY `auth_users_permissions_permission_id_foreign` (`permission_id`),
  KEY `user_id_permission_id` (`user_id`,`permission_id`),
  CONSTRAINT `auth_users_permissions_permission_id_foreign` FOREIGN KEY (`permission_id`) REFERENCES `auth_permissions` (`id`) ON DELETE CASCADE,
  CONSTRAINT `auth_users_permissions_user_id_foreign` FOREIGN KEY (`user_id`) REFERENCES `users` (`id`) ON DELETE CASCADE
) ENGINE=InnoDB DEFAULT CHARSET=utf8mb3 COLLATE=utf8mb3_general_ci;
/*!40101 SET character_set_client = @saved_cs_client */;

--
-- Dumping data for table `auth_users_permissions`
--

LOCK TABLES `auth_users_permissions` WRITE;
/*!40000 ALTER TABLE `auth_users_permissions` DISABLE KEYS */;
/*!40000 ALTER TABLE `auth_users_permissions` ENABLE KEYS */;
UNLOCK TABLES;

--
-- Table structure for table `general_settings`
--

DROP TABLE IF EXISTS `general_settings`;
/*!40101 SET @saved_cs_client     = @@character_set_client */;
/*!40101 SET character_set_client = utf8 */;
CREATE TABLE `general_settings` (
  `id` int(11) unsigned NOT NULL AUTO_INCREMENT,
  `logo` varchar(225) DEFAULT NULL,
  `school_name` varchar(225) DEFAULT 'SMK 1 Indonesia',
  `school_year` varchar(225) DEFAULT '2024/2025',
  `copyright` varchar(225) DEFAULT ' 2023 All rights reserved.',
  PRIMARY KEY (`id`)
) ENGINE=InnoDB AUTO_INCREMENT=2 DEFAULT CHARSET=utf8mb3 COLLATE=utf8mb3_general_ci;
/*!40101 SET character_set_client = @saved_cs_client */;

--
-- Dumping data for table `general_settings`
--

LOCK TABLES `general_settings` WRITE;
/*!40000 ALTER TABLE `general_settings` DISABLE KEYS */;
INSERT INTO `general_settings` VALUES
(1,'uploads/logo/logo_66ac47b9b990f7-22155645.png','UPTD SMKN CAMPALAGIAN','2024/2025',' 2025 All rights reserved.');
/*!40000 ALTER TABLE `general_settings` ENABLE KEYS */;
UNLOCK TABLES;

--
-- Table structure for table `migrations`
--

DROP TABLE IF EXISTS `migrations`;
/*!40101 SET @saved_cs_client     = @@character_set_client */;
/*!40101 SET character_set_client = utf8 */;
CREATE TABLE `migrations` (
  `id` bigint(20) unsigned NOT NULL AUTO_INCREMENT,
  `version` varchar(255) NOT NULL,
  `class` varchar(255) NOT NULL,
  `group` varchar(255) NOT NULL,
  `namespace` varchar(255) NOT NULL,
  `time` int(11) NOT NULL,
  `batch` int(10) unsigned NOT NULL,
  PRIMARY KEY (`id`)
) ENGINE=InnoDB AUTO_INCREMENT=12 DEFAULT CHARSET=utf8mb3 COLLATE=utf8mb3_general_ci;
/*!40101 SET character_set_client = @saved_cs_client */;

--
-- Dumping data for table `migrations`
--

LOCK TABLES `migrations` WRITE;
/*!40000 ALTER TABLE `migrations` DISABLE KEYS */;
INSERT INTO `migrations` VALUES
(6,'2017-11-20-223112','Myth\\Auth\\Database\\Migrations\\CreateAuthTables','default','Myth\\Auth',1721202309,1),
(7,'2023-08-18-000001','App\\Database\\Migrations\\CreateJurusanTable','default','App',1721202309,1),
(8,'2023-08-18-000002','App\\Database\\Migrations\\CreateKelasTable','default','App',1721202309,1),
(9,'2023-08-18-000003','App\\Database\\Migrations\\CreateDB','default','App',1721202310,1),
(10,'2023-08-18-000004','App\\Database\\Migrations\\AddSuperadmin','default','App',1721202310,1),
(11,'2024-07-24-083011','App\\Database\\Migrations\\GeneralSettings','default','App',1722566103,2);
/*!40000 ALTER TABLE `migrations` ENABLE KEYS */;
UNLOCK TABLES;

--
-- Table structure for table `tb_guru`
--

DROP TABLE IF EXISTS `tb_guru`;
/*!40101 SET @saved_cs_client     = @@character_set_client */;
/*!40101 SET character_set_client = utf8 */;
CREATE TABLE `tb_guru` (
  `id_guru` int(11) NOT NULL AUTO_INCREMENT,
  `nuptk` varchar(24) NOT NULL,
  `nama_guru` varchar(255) NOT NULL,
  `jenis_kelamin` enum('Laki-laki','Perempuan') NOT NULL,
  `alamat` text NOT NULL,
  `no_hp` varchar(32) NOT NULL,
  `unique_code` varchar(64) NOT NULL,
  `rfid_code` varchar(100) DEFAULT NULL,
  PRIMARY KEY (`id_guru`),
  UNIQUE KEY `unique_code` (`unique_code`),
  KEY `rfid_code` (`rfid_code`)
) ENGINE=InnoDB AUTO_INCREMENT=74 DEFAULT CHARSET=utf8mb4 COLLATE=utf8mb4_general_ci;
/*!40101 SET character_set_client = @saved_cs_client */;

--
-- Dumping data for table `tb_guru`
--

LOCK TABLES `tb_guru` WRITE;
/*!40000 ALTER TABLE `tb_guru` DISABLE KEYS */;
INSERT INTO `tb_guru` (`id_guru`, `nuptk`, `nama_guru`, `jenis_kelamin`, `alamat`, `no_hp`, `unique_code`) VALUES
(1,'198005062011011006','AHMAD AKBAR, S. Pd.','Laki-laki','','','29df97696cd05b851fb688bd4c41548afbc9b9e5fc4ab7ab73ddb7d7'),
(2,'196812311998021048','RAHMANSYAH, S. Pd.','Laki-laki','','','eddf9d11b5e22aaa9e19a9226b118dea75f3414357d0cb44d9e43090'),
(3,'196606132005021002','Drs. NASRI M.','Laki-laki','','','2635120935b680f31c8a09592fd8f515a9b7cafd8d93b39891ed71de'),
(4,'196810242005021002','BAKHTIAR, S. Pd.','Laki-laki','','','2bb3337887a71d6e2e6e2651345f4722e3f130ae544da8fbb0a36c1e'),
(5,'196703132007012024','Dra. PUJIATUM','Laki-laki','','','ee7a532c761d7a0f8277688e73ddeda5b2eacedabc0dd26428ac500e'),
(6,'198108152006042018','HERAWATI  C. S. Pd.','Laki-laki','','','fec8993c26fd06cad9e41193ab6e44841bc0999e8f6d19e7473368f0'),
(7,'198008172009032012','ROSDIANA, S. Kom.','Laki-laki','','','6ccac1554b2b77358c162cc9310f6408064ad001bd3c9d051ddf5cec'),
(8,'198103152009032012','YUYUN MARYATI S. S.Kom.','Laki-laki','','','ac148d8765aec2513a98cfd29af10e02667997b274d7ef35d906aa59'),
(9,'198111272008042003','NIRWANA  M, S.Pd.','Laki-laki','','','52e649c65cd916a1a6893282b25a24faeb56c60aaad3a88bc189e293'),
(10,'198502202009032011','WAHYUNI DARWIS, S.Pd., M. Pd.','Laki-laki','','','991f7403058d783ec65fa0dbb2e0af01fd3c8d8f2bada0760f150a69'),
(11,'197403072007012014','KURNIAH, S. Ag., M. Pd. I.','Laki-laki','','','21f38c0b3d4a23fccf7fedfde5bcd2e8c7a26f0748ab75a9c9710233'),
(12,'197012092005021002','MUHAMMAD ILYAS, S. Pd.','Laki-laki','','','ca92176aec6206260ef56b4da917d1d38c9bf839fa27ceb6589fcf21'),
(13,'198712102022212008','JUDESLIANTI AMRAN, S. Pd. I., Gr.','Laki-laki','','','e68bbc5dd1548c851ebe990aac9ef87e2b47f25eb3f028fc3d40300c'),
(14,'198606192022211006','MUH. YUSUF, SH.','Laki-laki','','','5531efda580a06e8d2bcee4b846b7ccdce2f4a7cea05f37520808917'),
(15,'198300042022212004','NURHAYATI, S. Pd.','Laki-laki','','','821f467d1f991b77ce8c652b3af647171ec7dc0477ef28df0922e59e'),
(16,'198801272022212002','MARDHAWIAH, S. Pd.','Laki-laki','','','16f4673d9d96cfc9408a9f4593b633f705ff67a17a92b9ef0794693c'),
(17,'198510102022211015','ABRIANTO YASIN, S.Pd.','Laki-laki','','','e0836a919d66be1a37d20a0816021aaf6c8220061407686242d759d5'),
(18,'199603142022211001','ARDAN, S. Kom.','Laki-laki','MAMBU','082271413360','1eeb0d7121f1f942ca190d3a209a2993336f750c67337fe91e17385f'),
(19,'198603062022211005','USMAN A. S. Kom.','Laki-laki','','','fda2fda27bed988b6901790e089a55ff886ede6bc6b36070803a5da6'),
(20,'198603282022212009','A. REZKY TAPPAWALI MT, S. Pd.','Laki-laki','','','f41fb02ad5281b0cbed0f7c42e92442032ebe16e105334c82a3f60ef'),
(21,'198810092022212014','ASRIAH MARDIN, S. Pd.','Laki-laki','','','684f96a6a0eac5ce62e4435af06659cb39358f3410ceb669fcf85425'),
(22,'198809072022212017','NURLINAH, S. Pd.','Laki-laki','','','85944913a6e01e29a2f3861c616c51f9e0502a3a08c5f4b27ba5900c'),
(23,'199506072022212016','NURATIKA, S. Pd.','Laki-laki','','','f391b7acc854fd2442b0a55b9f0627c8a1b547801d297898a36ab2f9'),
(24,'199611072022212010','NUR ASIMAH, S. Pd.','Laki-laki','','','2592fafdf7b1ad4e3f41e6cee72c79843c0c4a3e45f7ff36fb892121'),
(25,'198711102022212022','HARLIANA, S. Pd.,Gr.','Laki-laki','','','81c16c766f2f4c9479a8a839962489f433595befadcdbf1f9fc5c44a'),
(26,'198305202022211020','ARMIN PATAMORGANA, S. Pd.','Laki-laki','','','bb84fb4f1212f3fa331838d603c0451f99e44b9110dfced602d9a175'),
(27,'198701192022211006','SIGIT PRASETYO, S. Pd.','Laki-laki','','','29bb78a6afe0f2b1edbef4b6854b780087ac9e18d7c5b7b0790caa09'),
(28,'198705192022212020','MASDALIA, S.Pd.','Laki-laki','','','7efbd9e0338a2a7ffbc8bdec47256cdbae2f5651ea7615a573ffbcf6'),
(29,'198710022022212012','SUMIATI, S. Pd.','Laki-laki','','','0b6f3097af854bc009111f98dcb491cc530380dbee3dbc984553e31a'),
(30,'197001242002211002','YUSRI TAUWAL, SE.','Laki-laki','','','5e5bd9e6929fb42058b13a36ad5da8e7cb1bbef7237d17279e67f002'),
(31,'198006142022211005','SUARDI, S. Pd.','Laki-laki','','','6c1ad10e7f6bc00e2c58d531e59892333d0b7e28b8f807381fd290b0'),
(32,'198809092022212016','ANITA, S. Pd.','Laki-laki','','','46d19cbfaa613a39e72b746e54bab8a85559369def7ba19be6874e2a'),
(33,'196910272022212002','YEKTI UTAMI DEWI, S. Pd.','Laki-laki','','','8440c523dc50795d1b1e956f907c64c2b33b64c2d8e83d632ac09298'),
(34,'199108272022212020','NANDA ANRY, S. Pd.','Laki-laki','','','9f8dbd98a866bdfa20dfb52b162653e9a717b59bef87829609057eb2'),
(35,'197901102023211006','HUSNI KADIR, S. Pd','Laki-laki','','','e6560f387d7d217c53abfcb3d5ce666347d82bd8b608a09c15091537'),
(36,'198413112023211011','SUPRIADI, S. IP','Laki-laki','','','fe477895cefd553efefb420076d07ff5a5f54c389a88ac5690fb6fc7'),
(37,'199004162023211031','NURPADILAH, S. Pd','Laki-laki','','','6b02642c3aa59a61bedf5aff8ba36407eb4e0016280a98afdaeb3941'),
(38,'199503052023211011','FAISAL TANJUNG, S. Pd','Laki-laki','LABASANG','082219996642','6c50612d155a3376fc09d87abbfa1ee8c25b058999f56cda929a01fc'),
(39,'199010092024212039','NASRAH, S. Pd.','Laki-laki','','','79f44e1532be7c01ed36d553355cede7018d5ad3c910b56f6ca89fe8'),
(40,'199406232024212042','NASRIAH, S. Pd.','Laki-laki','','','afbf17b5f701974a9f2b324467a4e636b815a4f6d3499305c81512f9'),
(41,'199304202024212048','UNI ANASTASYA, S. Kom.','Perempuan','MAMBU','085255064838','3cf6fa60f636cbccde05eb84cf9fad5872ee038c5775412e10ec840b'),
(42,'199312152024212050','HASBIA, S. Kom.','Perempuan','','082313999313','b4c810f683e82014ace446db8ccdcbcbefd6204e94f91eaad1f4596c'),
(43,'199610072024212049','MIFTAHUL JANNA, S. Pd.','Perempuan','','085261186409','080791fc53b988019accb895282bce1afd3d58e9aa62454793acec80'),
(44,'199704102024211014','RISMAN, S. Pd','Laki-laki','','','4d3d0fb61b02a6d9a0c7de0bc38ff374589d344418636ee126c4a4da'),
(45,'NIPPPK199809152024212029','NOVIA, S. Pd','Laki-laki','','','041bff0587d7892d9f29456a0db8bce54e0eabff84b65b5b1324abaf'),
(46,'199301012024212084','PADLIANI, S. Pd','Laki-laki','','','3672a0699e136ec229df5011c760790f475767dfb7a44202413b25b8'),
(47,'199308172024212056','HASRIATI HASAN, S. Pd','Laki-laki','','','8b27a2674fe0a6a76fc54fe2c404de3cbdfbd3ef48e28d5bd0545cc0'),
(48,'5354766668130133','TAUFIQ, S. S. Pd. I.','Laki-laki','','','d9d19975fa8ee399abb6398c9e6b1c6f9f1bb96c2b9b50fe5232b89c'),
(49,'5743766667130152','AMRIANI, SE.','Laki-laki','','','3f0df14844065c2c8188042fe49b670e6eefdae533270bbb6deea532'),
(50,'1051772673130053','MUH. HAYAN ALIYUL IKRAM, S. Pd.I','Laki-laki','','','6481a8c35d7efb51ce65875e869a1707f83693906709f4e9b44305e1'),
(51,'5744765666220002','RATNASARI, S. Pd.','Laki-laki','','','c1aac95276ae28af7417816cc0662a8834e4d19f0ea803d218b800d5'),
(52,'8044766667300003','NISRAWATI, S. Pd.I','Laki-laki','','','3d02560364b89ead80f1e45ccde9fb91c6e805623f33a4b467408c68'),
(53,'7545770671230123','NURHASDIANA, SE.','Laki-laki','','','560b504e01f6f420bf14e69d33c82fe81846b96fc79ac0392e8fde6d'),
(54,'8132771672130023','ARMAN SUARDI, S. Pd.','Laki-laki','','','10653846e1b0b87768feedc5bce195c0b101977060c23761ba2bd254'),
(55,'BELUM ADA','SATRIA','Laki-laki','','','45cf969126a90a4da34f4db13014956a22311c39b79e6048d5e4bd36'),
(56,'3563769670130453','AHMAD, A. Ma.','Laki-laki','','','6df25d20d3653be831774cbe9b0dbf7e0d4345a4357a8f73d0ebfedb'),
(57,'5942773674130192','SARMIN, A. Ma.','Laki-laki','','','31f39b81f145333870bbea975905584d421605c11756c854c6ccb42e'),
(58,'BELUM ADA','RAHMATIAH','Laki-laki','','','155963c104bbffe1498f4a41582adfb122311c39b79e6048d5e4bd36'),
(59,'6555768669130193','EDI GUNAWAN, S. IP.','Laki-laki','','','9c7fc201733f37eabdecca4efcc27e98844c8ea6d07653c5aa59606a'),
(60,'0859764666130172','ERNIDAYANTI,  S. Kom.','Laki-laki','','','0705493a2c409fc8f66f90d14120d86d82e11dded5d2e1d7c431dbfe'),
(61,'0563770671130153','FITRIANTI,  A. Md. Kom.','Laki-laki','','','58f49267d63a1b0456814f6c88ff125765be0b5d8091a51f600d4b14'),
(62,'6543765666130142','MASRIANI,  S. Kom.','Laki-laki','','','ee990549706de6b948e02090aebeb1360ed70e60b408e839ca7b2555'),
(63,'8447769670130112','SYAMSURYAH, S . Kom.','Laki-laki','','','4057b3a8c8fc7ef2c59b39db435a6d02523f1a18a7661d70e5593764'),
(64,'4053773674230143','SATRIANI, S. Kom.','Laki-laki','','','d53ca4a728d58533d964e5228d37cda0013cd60471c9e4ff82893469'),
(65,'BELUM ADA','ACHMAD ICHSAN','Laki-laki','','','f8f0347de0ab88efa587e8aec9d9cfd522311c39b79e6048d5e4bd36'),
(66,'7342757658130233','WIDYAWATI, S. Si.','Laki-laki','','','7df2b76deff163d11330322d0434300e5918da17cfc0f5e33c323b77'),
(67,'7447769670130123','HASANIA, Amd. Kom.','Laki-laki','','','a16e468610072008d98bad6303da7d08c20151f861ea2c9ee1506071'),
(70,'BELUM ADA','FIKRI FAUSAN','Laki-laki','','','ecdf8b27b7d2aa48ebdabc8a3fbf8ec322311c39b79e6048d5e4bd36'),
(71,'7604020602990008','SATRIO','Laki-laki','DUSUN LEMO DESA KATUMBANGAN LEMO KEC. CAMPALAGIAN','083192132590','43e02dc18f33f634cd513a927e37dba86cc30f9bb17f573699e87a1f6ff72e15'),
(72,'7604022606940007','RAHMAT','Laki-laki','Laliko','085343822252','667a194968b66f690b16125a4845a4656aa349e44df167e2eb34d553b3cf9ac4'),
(73,'197001181993011001','Sarif, S.Pd., M.Pd','Laki-laki','POLEWALI','082396282627','be58fb0ab948fbc177a7b7bdde37b5f82b4d9ee76a09f6e483ac86ad5c57fad9');
/*!40000 ALTER TABLE `tb_guru` ENABLE KEYS */;
UNLOCK TABLES;

--
-- Table structure for table `tb_jurusan`
--

DROP TABLE IF EXISTS `tb_jurusan`;
/*!40101 SET @saved_cs_client     = @@character_set_client */;
/*!40101 SET character_set_client = utf8 */;
CREATE TABLE `tb_jurusan` (
  `id` int(11) unsigned NOT NULL AUTO_INCREMENT,
  `jurusan` varchar(32) NOT NULL,
  `created_at` timestamp NULL DEFAULT current_timestamp(),
  `updated_at` timestamp NULL DEFAULT current_timestamp(),
  `deleted_at` timestamp NULL DEFAULT NULL,
  PRIMARY KEY (`id`),
  UNIQUE KEY `jurusan` (`jurusan`)
) ENGINE=InnoDB AUTO_INCREMENT=12 DEFAULT CHARSET=utf8mb3 COLLATE=utf8mb3_general_ci;
/*!40101 SET character_set_client = @saved_cs_client */;

--
-- Dumping data for table `tb_jurusan`
--

LOCK TABLES `tb_jurusan` WRITE;
/*!40000 ALTER TABLE `tb_jurusan` DISABLE KEYS */;
/*!40000 ALTER TABLE `tb_jurusan` ENABLE KEYS */;
UNLOCK TABLES;

--
-- Table structure for table `tb_kehadiran`
--

DROP TABLE IF EXISTS `tb_kehadiran`;
/*!40101 SET @saved_cs_client     = @@character_set_client */;
/*!40101 SET character_set_client = utf8 */;
CREATE TABLE `tb_kehadiran` (
  `id_kehadiran` int(11) NOT NULL AUTO_INCREMENT,
  `kehadiran` enum('Hadir','Sakit','Izin','Tanpa keterangan') NOT NULL,
  PRIMARY KEY (`id_kehadiran`)
) ENGINE=InnoDB AUTO_INCREMENT=5 DEFAULT CHARSET=utf8mb4 COLLATE=utf8mb4_general_ci;
/*!40101 SET character_set_client = @saved_cs_client */;

--
-- Dumping data for table `tb_kehadiran`
--

LOCK TABLES `tb_kehadiran` WRITE;
/*!40000 ALTER TABLE `tb_kehadiran` DISABLE KEYS */;
INSERT INTO `tb_kehadiran` VALUES
(1,'Hadir'),
(2,'Sakit'),
(3,'Izin'),
(4,'Tanpa keterangan');
/*!40000 ALTER TABLE `tb_kehadiran` ENABLE KEYS */;
UNLOCK TABLES;

--
-- Table structure for table `tb_kelas`
--

DROP TABLE IF EXISTS `tb_kelas`;
/*!40101 SET @saved_cs_client     = @@character_set_client */;
/*!40101 SET character_set_client = utf8 */;
CREATE TABLE `tb_kelas` (
  `id_kelas` int(11) unsigned NOT NULL AUTO_INCREMENT,
  `tingkat` varchar(10) NOT NULL,
  `id_jurusan` int(11) unsigned NOT NULL,
  `index_kelas` varchar(5) NOT NULL,
  `created_at` timestamp NULL DEFAULT current_timestamp(),
  `updated_at` timestamp NULL DEFAULT current_timestamp(),
  `deleted_at` timestamp NULL DEFAULT NULL,
  PRIMARY KEY (`id_kelas`),
  KEY `tb_kelas_id_jurusan_foreign` (`id_jurusan`),
  CONSTRAINT `tb_kelas_id_jurusan_foreign` FOREIGN KEY (`id_jurusan`) REFERENCES `tb_jurusan` (`id`) ON DELETE NO ACTION ON UPDATE CASCADE
) ENGINE=InnoDB AUTO_INCREMENT=25 DEFAULT CHARSET=utf8mb3 COLLATE=utf8mb3_general_ci;
/*!40101 SET character_set_client = @saved_cs_client */;

--
-- Dumping data for table `tb_kelas`
--

LOCK TABLES `tb_kelas` WRITE;
/*!40000 ALTER TABLE `tb_kelas` DISABLE KEYS */;
/*!40000 ALTER TABLE `tb_kelas` ENABLE KEYS */;
UNLOCK TABLES;

--
-- Table structure for table `tb_presensi_guru`
--

DROP TABLE IF EXISTS `tb_presensi_guru`;
/*!40101 SET @saved_cs_client     = @@character_set_client */;
/*!40101 SET character_set_client = utf8 */;
CREATE TABLE `tb_presensi_guru` (
  `id_presensi` int(11) NOT NULL AUTO_INCREMENT,
  `id_guru` int(11) DEFAULT NULL,
  `tanggal` date NOT NULL,
  `jam_masuk` time DEFAULT NULL,
  `jam_keluar` time DEFAULT NULL,
  `id_kehadiran` int(11) NOT NULL,
  `keterangan` varchar(255) NOT NULL,
  PRIMARY KEY (`id_presensi`),
  KEY `id_kehadiran` (`id_kehadiran`),
  KEY `id_guru` (`id_guru`),
  CONSTRAINT `tb_presensi_guru_ibfk_2` FOREIGN KEY (`id_kehadiran`) REFERENCES `tb_kehadiran` (`id_kehadiran`),
  CONSTRAINT `tb_presensi_guru_ibfk_3` FOREIGN KEY (`id_guru`) REFERENCES `tb_guru` (`id_guru`) ON DELETE SET NULL
) ENGINE=InnoDB AUTO_INCREMENT=1550 DEFAULT CHARSET=utf8mb4 COLLATE=utf8mb4_general_ci;
/*!40101 SET character_set_client = @saved_cs_client */;

--
-- Dumping data for table `tb_presensi_guru`
--

LOCK TABLES `tb_presensi_guru` WRITE;
/*!40000 ALTER TABLE `tb_presensi_guru` DISABLE KEYS */;
/*!40000 ALTER TABLE `tb_presensi_guru` ENABLE KEYS */;
UNLOCK TABLES;

--
-- Table structure for table `tb_presensi_siswa`
--

DROP TABLE IF EXISTS `tb_presensi_siswa`;
/*!40101 SET @saved_cs_client     = @@character_set_client */;
/*!40101 SET character_set_client = utf8 */;
CREATE TABLE `tb_presensi_siswa` (
  `id_presensi` int(11) NOT NULL AUTO_INCREMENT,
  `id_siswa` int(11) NOT NULL,
  `id_kelas` int(11) unsigned DEFAULT NULL,
  `tanggal` date NOT NULL,
  `jam_masuk` time DEFAULT NULL,
  `jam_keluar` time DEFAULT NULL,
  `id_kehadiran` int(11) NOT NULL,
  `keterangan` varchar(255) NOT NULL,
  PRIMARY KEY (`id_presensi`),
  KEY `id_siswa` (`id_siswa`),
  KEY `id_kehadiran` (`id_kehadiran`),
  KEY `id_kelas` (`id_kelas`),
  CONSTRAINT `tb_presensi_siswa_ibfk_2` FOREIGN KEY (`id_kehadiran`) REFERENCES `tb_kehadiran` (`id_kehadiran`),
  CONSTRAINT `tb_presensi_siswa_ibfk_3` FOREIGN KEY (`id_siswa`) REFERENCES `tb_siswa` (`id_siswa`) ON DELETE CASCADE,
  CONSTRAINT `tb_presensi_siswa_ibfk_4` FOREIGN KEY (`id_kelas`) REFERENCES `tb_kelas` (`id_kelas`) ON DELETE SET NULL ON UPDATE CASCADE
) ENGINE=InnoDB AUTO_INCREMENT=14618 DEFAULT CHARSET=utf8mb4 COLLATE=utf8mb4_general_ci;
/*!40101 SET character_set_client = @saved_cs_client */;

--
-- Dumping data for table `tb_presensi_siswa`
--

LOCK TABLES `tb_presensi_siswa` WRITE;
/*!40000 ALTER TABLE `tb_presensi_siswa` DISABLE KEYS */;
/*!40000 ALTER TABLE `tb_presensi_siswa` ENABLE KEYS */;
UNLOCK TABLES;

--
-- Table structure for table `tb_siswa`
--

DROP TABLE IF EXISTS `tb_siswa`;
/*!40101 SET @saved_cs_client     = @@character_set_client */;
/*!40101 SET character_set_client = utf8 */;
CREATE TABLE `tb_siswa` (
  `id_siswa` int(11) NOT NULL AUTO_INCREMENT,
  `nis` varchar(16) NOT NULL,
  `nama_siswa` varchar(255) NOT NULL,
  `id_kelas` int(11) unsigned NOT NULL,
  `jenis_kelamin` enum('Laki-laki','Perempuan') NOT NULL,
  `no_hp` varchar(32) NOT NULL,
  `unique_code` varchar(64) NOT NULL,
  `rfid_code` varchar(100) DEFAULT NULL,
  PRIMARY KEY (`id_siswa`),
  UNIQUE KEY `unique_code` (`unique_code`),
  KEY `id_kelas` (`id_kelas`),
  KEY `rfid_code` (`rfid_code`),
  CONSTRAINT `tb_siswa_ibfk_1` FOREIGN KEY (`id_kelas`) REFERENCES `tb_kelas` (`id_kelas`)
) ENGINE=InnoDB AUTO_INCREMENT=805 DEFAULT CHARSET=utf8mb4 COLLATE=utf8mb4_general_ci;
/*!40101 SET character_set_client = @saved_cs_client */;

--
-- Dumping data for table `tb_siswa`
--

LOCK TABLES `tb_siswa` WRITE;
/*!40000 ALTER TABLE `tb_siswa` DISABLE KEYS */;
/*!40000 ALTER TABLE `tb_siswa` ENABLE KEYS */;
UNLOCK TABLES;

--
-- Table structure for table `users`
--

DROP TABLE IF EXISTS `users`;
/*!40101 SET @saved_cs_client     = @@character_set_client */;
/*!40101 SET character_set_client = utf8 */;
CREATE TABLE `users` (
  `id` int(11) unsigned NOT NULL AUTO_INCREMENT,
  `email` varchar(255) NOT NULL,
  `username` varchar(30) DEFAULT NULL,
  `is_superadmin` tinyint(1) NOT NULL DEFAULT 0,
  `password_hash` varchar(255) NOT NULL,
  `reset_hash` varchar(255) DEFAULT NULL,
  `reset_at` datetime DEFAULT NULL,
  `reset_expires` datetime DEFAULT NULL,
  `activate_hash` varchar(255) DEFAULT NULL,
  `status` varchar(255) DEFAULT NULL,
  `status_message` varchar(255) DEFAULT NULL,
  `active` tinyint(1) NOT NULL DEFAULT 0,
  `force_pass_reset` tinyint(1) NOT NULL DEFAULT 0,
  `created_at` datetime DEFAULT NULL,
  `updated_at` datetime DEFAULT NULL,
  `deleted_at` datetime DEFAULT NULL,
  PRIMARY KEY (`id`),
  UNIQUE KEY `email` (`email`),
  UNIQUE KEY `username` (`username`)
) ENGINE=InnoDB AUTO_INCREMENT=4 DEFAULT CHARSET=utf8mb3 COLLATE=utf8mb3_general_ci;
/*!40101 SET character_set_client = @saved_cs_client */;

--
-- Dumping data for table `users`
--

LOCK TABLES `users` WRITE;
/*!40000 ALTER TABLE `users` DISABLE KEYS */;
INSERT INTO `users` VALUES
(1,'anu@gmail.com','adminanu',1,'$2y$10$DrUZyuS22GVHcBTwWXrBnuytCcGg8S8HUMa22j1/YoI9YXNDzdF06',NULL,NULL,NULL,NULL,NULL,NULL,1,0,NULL,NULL,NULL),
(2,'operator@gmail.com','operator1',0,'$2y$10$n6ZbSM61n5rn7k.WBzB0oOpu1HwAcX8bfYSdOqS/S5rHmRFDBG4Pe',NULL,NULL,NULL,NULL,NULL,NULL,1,0,'2024-07-18 10:45:32','2024-07-18 10:45:32',NULL),
(3,'kepsek@smkncampalagian.sch.id','kepsek',0,'$2y$10$JmVstQFYNr14eSXKqySJNu49w72LHnprQzRCIN1jhl.Efh7RTjXFC',NULL,NULL,NULL,NULL,NULL,NULL,1,0,'2024-07-19 18:44:33','2024-07-19 18:44:33',NULL);
/*!40000 ALTER TABLE `users` ENABLE KEYS */;
UNLOCK TABLES;
/*!40103 SET TIME_ZONE=@OLD_TIME_ZONE */;

/*!40101 SET SQL_MODE=@OLD_SQL_MODE */;
/*!40014 SET FOREIGN_KEY_CHECKS=@OLD_FOREIGN_KEY_CHECKS */;
/*!40014 SET UNIQUE_CHECKS=@OLD_UNIQUE_CHECKS */;
/*!40101 SET CHARACTER_SET_CLIENT=@OLD_CHARACTER_SET_CLIENT */;
/*!40101 SET CHARACTER_SET_RESULTS=@OLD_CHARACTER_SET_RESULTS */;
/*!40101 SET COLLATION_CONNECTION=@OLD_COLLATION_CONNECTION */;
/*!40111 SET SQL_NOTES=@OLD_SQL_NOTES */;

-- Dump completed on 2025-02-13  8:25:32
